
> task-copilot-vnext@0.2.0 check
> npm run docs:requirements && npm run typecheck && npm run lint && npm test && npm run test:sandbox && npm run build && npm run check:boundaries && npm run taste:eval


> task-copilot-vnext@0.2.0 docs:requirements
> node scripts/build-requirements-map.mjs

Built standalone requirements map: 44 nodes.

> task-copilot-vnext@0.2.0 typecheck
> npm run typecheck --workspaces --if-present


> @task-copilot/kernel-console@0.2.0 typecheck
> tsc --noEmit


> @task-copilot/kernel-service@0.2.0 typecheck
> tsc --noEmit


> @task-copilot/logseq-plugin@0.2.0 typecheck
> tsc --noEmit


> @task-copilot/cli@0.2.0 typecheck
> tsc --noEmit


> @task-copilot/agent@0.2.0 typecheck
> tsc --noEmit


> @task-copilot/client@0.2.0 typecheck
> tsc --noEmit


> @task-copilot/contracts@0.2.0 typecheck
> tsc --noEmit


> @task-copilot/domain@0.2.0 typecheck
> tsc --noEmit


> @task-copilot/kernel@0.2.0 typecheck
> tsc --noEmit


> @task-copilot/sqlite@0.2.0 typecheck
> tsc --noEmit


> @task-copilot/test-support@0.2.0 typecheck
> tsc --noEmit


> task-copilot-vnext@0.2.0 lint
> eslint .


> task-copilot-vnext@0.2.0 test
> npm run test --workspaces --if-present


> @task-copilot/kernel-console@0.2.0 test
> tsx --test tests/*.test.ts

TAP version 13
# Subtest: el creates elements with class, text, and dataset
ok 1 - el creates elements with class, text, and dataset
  ---
  duration_ms: 0.867792
  ...
# Subtest: el attaches event listeners and appends children
ok 2 - el attaches event listeners and appends children
  ---
  duration_ms: 0.51025
  ...
# Subtest: project cards include open and recently completed projects
ok 3 - project cards include open and recently completed projects
  ---
  duration_ms: 7.041375
  ...
# Subtest: cold history contains only completed/cancelled objects
ok 4 - cold history contains only completed/cancelled objects
  ---
  duration_ms: 0.109
  ...
# Subtest: frontier prefers cohesive MiniProject over its tasks and includes WAITING
ok 5 - frontier prefers cohesive MiniProject over its tasks and includes WAITING
  ---
  duration_ms: 0.168833
  ...
# Subtest: meaningful changes use object-level baseline version
ok 6 - meaningful changes use object-level baseline version
  ---
  duration_ms: 0.301667
  ...
# Subtest: independent MiniProject and Task are first-class and unowned is not an anomaly
ok 7 - independent MiniProject and Task are first-class and unowned is not an anomaly
  ---
  duration_ms: 0.148875
  ...
# Subtest: attention excludes transient retry and workspace offline but includes stable failures
ok 8 - attention excludes transient retry and workspace offline but includes stable failures
  ---
  duration_ms: 0.265333
  ...
# Subtest: attention includes graph mismatch and manual recovery
ok 9 - attention includes graph mismatch and manual recovery
  ---
  duration_ms: 0.08525
  ...
# Subtest: closed objects without anchors are quiet in Attention
ok 10 - closed objects without anchors are quiet in Attention
  ---
  duration_ms: 0.122416
  ...
# Subtest: pending projection explains temporary anchor absence without duplicate Anchor Missing
ok 11 - pending projection explains temporary anchor absence without duplicate Anchor Missing
  ---
  duration_ms: 0.122083
  ...
# Subtest: open object with verified workspace and no explanation still shows Anchor Missing
ok 12 - open object with verified workspace and no explanation still shows Anchor Missing
  ---
  duration_ms: 0.138708
  ...
1..12
# tests 12
# suites 0
# pass 12
# fail 0
# cancelled 0
# skipped 0
# todo 0
# duration_ms 370.041167

> @task-copilot/kernel-service@0.2.0 test
> tsx --test tests/*.test.ts

TAP version 13
# Subtest: context application preserves deterministic ID, Graph scope and correction atomicity
ok 1 - context application preserves deterministic ID, Graph scope and correction atomicity
  ---
  duration_ms: 80.725459
  ...
# Subtest: reading capability uses only target commits and never mutates formal state or ledger
ok 2 - reading capability uses only target commits and never mutates formal state or ledger
  ---
  duration_ms: 45.114166
  ...
# Subtest: console world/search/viewed are read-only Kernel Service clients
ok 3 - console world/search/viewed are read-only Kernel Service clients
  ---
  duration_ms: 163.475334
  ...
# Subtest: dogfood correction HTTP endpoint applies a governed USER reality fix
ok 4 - dogfood correction HTTP endpoint applies a governed USER reality fix
  ---
  duration_ms: 143.927042
  ...
# Subtest: scope-out source change records coverage but does not auto-associate Context
ok 5 - scope-out source change records coverage but does not auto-associate Context
  ---
  duration_ms: 47.258584
  ...
# Subtest: scope-out autonomous job is skipped without marking source reconciled or busy-looping
ok 6 - scope-out autonomous job is skipped without marking source reconciled or busy-looping
  ---
  duration_ms: 82.656667
  ...
# Subtest: INTERACTIVE explicit reconcile bypasses dogfood scope
ok 7 - INTERACTIVE explicit reconcile bypasses dogfood scope
  ---
  duration_ms: 40.722083
  ...
# Subtest: dogfood scope includes root descendants dynamically from ownership
ok 8 - dogfood scope includes root descendants dynamically from ownership
  ---
  duration_ms: 34.385167
  ...
# Subtest: same dogfood scope instance reflects live ownership moves
ok 9 - same dogfood scope instance reflects live ownership moves
  ---
  duration_ms: 30.545542
  ...
# Subtest: no config is legacy unrestricted; explicit empty roots is an empty autonomous scope
ok 10 - no config is legacy unrestricted; explicit empty roots is an empty autonomous scope
  ---
  duration_ms: 51.28275
  ...
# Subtest: loadDogfoodConfig parses a minimal config and tolerates missing file
ok 11 - loadDogfoodConfig parses a minimal config and tolerates missing file
  ---
  duration_ms: 0.105875
  ...
# Subtest: each dogfood traversal reads ownerships once and empty scope performs no hierarchy reads
ok 12 - each dogfood traversal reads ownerships once and empty scope performs no hierarchy reads
  ---
  duration_ms: 30.066333
  ...
# Subtest: formal HTTP receipts survive lost responses and uncertain transport without duplicate commits; Undo keeps USER permission
ok 13 - formal HTTP receipts survive lost responses and uncertain transport without duplicate commits; Undo keeps USER permission
  ---
  duration_ms: 174.088167
  ...
# Subtest: broker fails fast offline and coordinates one typed Graph request
ok 14 - broker fails fast offline and coordinates one typed Graph request
  ---
  duration_ms: 3.666375
  ...
# Subtest: broker rejects another Graph and mismatched response kinds
ok 15 - broker rejects another Graph and mismatched response kinds
  ---
  duration_ms: 0.342
  ...
# Subtest: an unacknowledged delivery is leased and redelivered with the same request identity
ok 16 - an unacknowledged delivery is leased and redelivered with the same request identity
  ---
  duration_ms: 6.021209
  ...
# Subtest: the broker rejects Graph replacement and cross-Graph responses while a request is active
ok 17 - the broker rejects Graph replacement and cross-Graph responses while a request is active
  ---
  duration_ms: 0.858417
  ...
# Subtest: delivery coalesces overlapping drains, preserves Kernel verification, and stops further claims
ok 18 - delivery coalesces overlapping drains, preserves Kernel verification, and stops further claims
  ---
  duration_ms: 43.595916
  ...
# Subtest: slow tick stays serial across timer firings; stop after delivery does not claim a new job
ok 19 - slow tick stays serial across timer firings; stop after delivery does not claim a new job
  ---
  duration_ms: 74.907917
  ...
# Subtest: a slow cognition run keeps its own remote budget and finishes its claimed job after stop
ok 20 - a slow cognition run keeps its own remote budget and finishes its claimed job after stop
  ---
  duration_ms: 66.455375
  ...
# Subtest: Now indexes shared collections once and keeps ProjectIntent changes at the same formal version
ok 21 - Now indexes shared collections once and keeps ProjectIntent changes at the same formal version
  ---
  duration_ms: 89.810292
  ...
# Subtest: objectContext captures formal fields and closure state before asynchronous Graph snippets
ok 22 - objectContext captures formal fields and closure state before asynchronous Graph snippets
  ---
  duration_ms: 34.651875
  ...
# Subtest: parent and child pending reasons use their own OPEN packages only
ok 23 - parent and child pending reasons use their own OPEN packages only
  ---
  duration_ms: 34.995375
  ...
# Subtest: one Broker delivery with invalid readback spends one attempt; a delayed failure cannot downgrade VERIFIED
ok 24 - one Broker delivery with invalid readback spends one attempt; a delayed failure cannot downgrade VERIFIED
  ---
  duration_ms: 28.393
  ...
# Subtest: first manual NO_CHANGE records actual observation without a source-change event
ok 25 - first manual NO_CHANGE records actual observation without a source-change event
  ---
  duration_ms: 18.890417
  ...
# Subtest: a newer source observation during cognition remains uncovered and supersedes the old job
ok 26 - a newer source observation during cognition remains uncovered and supersedes the old job
  ---
  duration_ms: 18.298583
  ...
# Subtest: Discovery skips ACTIVE associations by graph and block and does not call cognition
ok 27 - Discovery skips ACTIVE associations by graph and block and does not call cognition
  ---
  duration_ms: 18.776042
  ...
# Subtest: startup failures release owned resources immediately; contenders and repeated close preserve other owners
ok 28 - startup failures release owned resources immediately; contenders and repeated close preserve other owners
  ---
  duration_ms: 80.303791
  ...
# Subtest: service binds to loopback, writes a private descriptor, and rejects missing tokens
ok 29 - service binds to loopback, writes a private descriptor, and rejects missing tokens
  ---
  duration_ms: 61.813458
  ...
1..29
# tests 29
# suites 0
# pass 29
# fail 0
# cancelled 0
# skipped 0
# todo 0
# duration_ms 696.715167

> @task-copilot/logseq-plugin@0.2.0 test
> tsx --test tests/*.test.ts tests/integration/*.test.mjs

TAP version 13
# Subtest: independent CLI processes use installed plugin data, real filesystem and persistent content Journal with Kernel disabled
ok 1 - independent CLI processes use installed plugin data, real filesystem and persistent content Journal with Kernel disabled
  ---
  duration_ms: 22709.4855
  ...
# Subtest: anchor index classifies primary anchors and ignores incomplete entries
ok 2 - anchor index classifies primary anchors and ignores incomplete entries
  ---
  duration_ms: 0.627792
  ...
# Subtest: cache lookup defaults unknown blocks to ordinary
ok 3 - cache lookup defaults unknown blocks to ordinary
  ---
  duration_ms: 0.080583
  ...
# Subtest: cache refresh, invalidation, and revision work as a presentation cache
ok 4 - cache refresh, invalidation, and revision work as a presentation cache
  ---
  duration_ms: 0.11575
  ...
# Subtest: cache staleness is time based and misses are stale
ok 5 - cache staleness is time based and misses are stale
  ---
  duration_ms: 0.062209
  ...
# Subtest: ordinary blocks only get two formalize actions
ok 6 - ordinary blocks only get two formalize actions
  ---
  duration_ms: 0.114083
  ...
# Subtest: Task and MiniProject blocks share three core actions
ok 7 - Task and MiniProject blocks share three core actions
  ---
  duration_ms: 0.043625
  ...
# Subtest: Project blocks keep open and discuss only
ok 8 - Project blocks keep open and discuss only
  ---
  duration_ms: 0.036958
  ...
# Subtest: menu labels are user-facing and contain no internal terms
ok 9 - menu labels are user-facing and contain no internal terms
  ---
  duration_ms: 0.139375
  ...
# Subtest: Task canonical form keeps Logseq workflow marker first and bold [任务] label
ok 10 - Task canonical form keeps Logseq workflow marker first and bold [任务] label
  ---
  duration_ms: 0.35775
  ...
# Subtest: MiniProject canonical form uses the exact requested bold prefix and trailing tag
ok 11 - MiniProject canonical form uses the exact requested bold prefix and trailing tag
  ---
  duration_ms: 0.052375
  ...
# Subtest: Project does not use the block anchor formatter
ok 12 - Project does not use the block anchor formatter
  ---
  duration_ms: 0.14925
  ...
# Subtest: parse/extract handles marker-first canonical Task
ok 13 - parse/extract handles marker-first canonical Task
  ---
  duration_ms: 0.539417
  ...
# Subtest: parse/extract handles prefix-first legacy canonical Task and normalizes it
ok 14 - parse/extract handles prefix-first legacy canonical Task and normalizes it
  ---
  duration_ms: 0.267625
  ...
# Subtest: parse/extract handles MiniProject canonical line
ok 15 - parse/extract handles MiniProject canonical line
  ---
  duration_ms: 0.188125
  ...
# Subtest: title stripping removes marker, bold labels, and MiniProject tag without eating semantic markdown
ok 16 - title stripping removes marker, bold labels, and MiniProject tag without eating semantic markdown
  ---
  duration_ms: 0.096584
  ...
# Subtest: canonicalize is idempotent and never rewrites natural content
ok 17 - canonicalize is idempotent and never rewrites natural content
  ---
  duration_ms: 0.2205
  ...
# Subtest: replaceTaskMarker preserves canonical decoration and converts prefix-first to marker-first
ok 18 - replaceTaskMarker preserves canonical decoration and converts prefix-first to marker-first
  ---
  duration_ms: 0.156292
  ...
# Subtest: both task spellings and every supported marker share TASK semantics and retain source spelling
ok 19 - both task spellings and every supported marker share TASK semantics and retain source spelling
  ---
  duration_ms: 0.758083
  ...
# Subtest: source normalization, title changes and marker changes retain complete multiline/property bytes
ok 20 - source normalization, title changes and marker changes retain complete multiline/property bytes
  ---
  duration_ms: 0.198709
  ...
# Subtest: anchor parsing never claims ordinary TODOs, prose, quoted or coded labels
ok 21 - anchor parsing never claims ordinary TODOs, prose, quoted or coded labels
  ---
  duration_ms: 0.054375
  ...
# Subtest: semantic title text is not interpreted as another layer of anchor decoration
ok 22 - semantic title text is not interpreted as another layer of anchor decoration
  ---
  duration_ms: 0.072459
  ...
# Subtest: bounded display hunks reconstruct repeated, multiline and astral text without splitting code points
ok 23 - bounded display hunks reconstruct repeated, multiline and astral text without splitting code points
  ---
  duration_ms: 12.011875
  ...
# Subtest: ordinary reading exposes one collaboration entry, keeps setup optional and never writes or fabricates agent activity
ok 24 - ordinary reading exposes one collaboration entry, keeps setup optional and never writes or fabricates agent activity
  ---
  duration_ms: 337.053917
  ...
# Subtest: real local begin and record name their local effect; remote changes stay discoverable without opening a console
ok 25 - real local begin and record name their local effect; remote changes stay discoverable without opening a console
  ---
  duration_ms: 260.408666
  ...
# Subtest: collapsed shortcut cannot approve an unseen revision; submitted snapshots and later native writing remain distinct
ok 26 - collapsed shortcut cannot approve an unseen revision; submitted snapshots and later native writing remain distinct
  ---
  duration_ms: 308.195417
  ...
# Subtest: sparse changes preserve long Markdown links emphasis code and every unchanged sentence
ok 27 - sparse changes preserve long Markdown links emphasis code and every unchanged sentence
  ---
  duration_ms: 137.333625
  ...
# Subtest: lost suggestion reply is queried using its retained request after restart and is never appended twice
ok 28 - lost suggestion reply is queried using its retained request after restart and is never appended twice
  ---
  duration_ms: 397.689542
  ...
# Subtest: native drafts and composition keep the reading frame and review proposal rather than changing mode
ok 29 - native drafts and composition keep the reading frame and review proposal rather than changing mode
  ---
  duration_ms: 271.328125
  ...
# Subtest: verified source with failed final Journal save retains its request; recovery stays unknown without durable attribution and never rewrites source
ok 30 - verified source with failed final Journal save retains its request; recovery stays unknown without durable attribution and never rewrites source
  ---
  duration_ms: 226.579583
  ...
# Subtest: durable source success with stage-save failure can repair the same stage using the original request without another write
ok 31 - durable source success with stage-save failure can repair the same stage using the original request without another write
  ---
  duration_ms: 292.423667
  ...
# Subtest: confirmed version conflict keeps both texts and disables stale save until an explicit current reread
ok 32 - confirmed version conflict keeps both texts and disables stale save until an explicit current reread
  ---
  duration_ms: 293.508458
  ...
# Subtest: large focused reading exposes all changes and missing blocks without mutating its reading scope or history
ok 33 - large focused reading exposes all changes and missing blocks without mutating its reading scope or history
  ---
  duration_ms: 2738.708167
  ...
# Subtest: local connection controls use a private scope port; external stage APIs never expose approval or authority
ok 34 - local connection controls use a private scope port; external stage APIs never expose approval or authority
  ---
  duration_ms: 30.457209
  ...
# Subtest: shared work entry composes the default full report, explicit review and read-only history without changing source or its reading scope
ok 35 - shared work entry composes the default full report, explicit review and read-only history without changing source or its reading scope
  ---
  duration_ms: 120.575083
  ...
# Subtest: report grouping and native drafts remain independent of authorized moves and immutable stage history
ok 36 - report grouping and native drafts remain independent of authorized moves and immutable stage history
  ---
  duration_ms: 567.0685
  ...
# Subtest: merged composition keeps lenses live after verified content writes and marks the old reading basis changed
ok 37 - merged composition keeps lenses live after verified content writes and marks the old reading basis changed
  ---
  duration_ms: 472.112958
  ...
# Subtest: explicit file-graph scope association persists native identity once; DB scope and read never add id
ok 38 - explicit file-graph scope association persists native identity once; DB scope and read never add id
  ---
  duration_ms: 23.290416
  ...
# Subtest: scope identity journal failure denies scope without an untracked native property write
ok 39 - scope identity journal failure denies scope without an untracked native property write
  ---
  duration_ms: 8.128416
  ...
# Subtest: scope association never overwrites an inconsistent existing native identity
ok 40 - scope association never overwrites an inconsistent existing native identity
  ---
  duration_ms: 6.421541
  ...
# Subtest: real composition root registers the default content API and completes controlled synthetic Logseq operations across reload
ok 41 - real composition root registers the default content API and completes controlled synthetic Logseq operations across reload
  ---
  duration_ms: 228.681541
  ...
# Subtest: the local form blocks ambiguous snippets and IME submission; explicit TODO command grants one concrete patch
ok 42 - the local form blocks ambiguous snippets and IME submission; explicit TODO command grants one concrete patch
  ---
  duration_ms: 88.68775
  ...
# Subtest: conflict panel preserves current/proposed/optional old text, closes without loss, and retries only against the displayed new version
ok 43 - conflict panel preserves current/proposed/optional old text, closes without loss, and retries only against the displayed new version
  ---
  duration_ms: 141.64325
  ...
# Subtest: append form keeps its request identity after partial identity failure, repeated submit and a new installer
ok 44 - append form keeps its request identity after partial identity failure, repeated submit and a new installer
  ---
  duration_ms: 121.173417
  ...
# Subtest: TODO conflict retry requires another explicit concrete user action on the displayed new version
ok 45 - TODO conflict retry requires another explicit concrete user action on the displayed new version
  ---
  duration_ms: 40.180542
  ...
# Subtest: registered scope setup, dispose and graph changes invalidate late host requests without restoring stale UI or grants
ok 46 - registered scope setup, dispose and graph changes invalidate late host requests without restoring stale UI or grants
  ---
  duration_ms: 41.921
  ...
# Subtest: a local edit command cannot authorize a different Graph from a late current-block response
ok 47 - a local edit command cannot authorize a different Graph from a late current-block response
  ---
  duration_ms: 4.185917
  ...
# Subtest: trusted scope never expands through forged roots, aliases, resolution fields or metadata
ok 48 - trusted scope never expands through forged roots, aliases, resolution fields or metadata
  ---
  duration_ms: 18.3955
  ...
# Subtest: a recovery panel waiting for another panel to close cannot open after scope revocation or disposal
ok 49 - a recovery panel waiting for another panel to close cannot open after scope revocation or disposal
  ---
  duration_ms: 31.625834
  ...
# Subtest: native before preserves UUID, subtree, raw text, properties and idempotence
ok 50 - native before preserves UUID, subtree, raw text, properties and idempotence
  ---
  duration_ms: 81.611625
  ...
# Subtest: native after preserves UUID, subtree, raw text, properties and idempotence
ok 51 - native after preserves UUID, subtree, raw text, properties and idempotence
  ---
  duration_ms: 81.061834
  ...
# Subtest: native first-child preserves UUID, subtree, raw text, properties and idempotence
ok 52 - native first-child preserves UUID, subtree, raw text, properties and idempotence
  ---
  duration_ms: 65.561458
  ...
# Subtest: schema negotiation and trusted structure permission cannot be supplied by input
ok 53 - schema negotiation and trusted structure permission cannot be supplied by input
  ---
  duration_ms: 151.209833
  ...
# Subtest: stale source refuses without moving
ok 54 - stale source refuses without moving
  ---
  duration_ms: 18.848958
  ...
# Subtest: stale target refuses without moving
ok 55 - stale target refuses without moving
  ---
  duration_ms: 17.518708
  ...
# Subtest: stale parent refuses without moving
ok 56 - stale parent refuses without moving
  ---
  duration_ms: 19.179875
  ...
# Subtest: stale neighbor refuses without moving
ok 57 - stale neighbor refuses without moving
  ---
  duration_ms: 16.879208
  ...
# Subtest: unrelated text is allowed; cycles, root, membership and forged graph are refused
ok 58 - unrelated text is allowed; cycles, root, membership and forged graph are refused
  ---
  duration_ms: 94.996625
  ...
# Subtest: MiniProject ordinary notes and TODO move within ownership; formal/managed wrappers and another object cannot
ok 59 - MiniProject ordinary notes and TODO move within ownership; formal/managed wrappers and another object cannot
  ---
  duration_ms: 84.130708
  ...
# Subtest: editing guard protects source
ok 60 - editing guard protects source
  ---
  duration_ms: 20.127542
  ...
# Subtest: editing guard protects child
ok 61 - editing guard protects child
  ---
  duration_ms: 13.2415
  ...
# Subtest: editing guard protects destination
ok 62 - editing guard protects destination
  ---
  duration_ms: 14.944
  ...
# Subtest: editing guard protects parent
ok 63 - editing guard protects parent
  ---
  duration_ms: 25.682667
  ...
# Subtest: editing guard protects composition
ok 64 - editing guard protects composition
  ---
  duration_ms: 19.693583
  ...
# Subtest: lost-reply is recoverable without repeating a move
ok 65 - lost-reply is recoverable without repeating a move
  ---
  duration_ms: 65.849792
  ...
# Subtest: timeout is recoverable without repeating a move
ok 66 - timeout is recoverable without repeating a move
  ---
  duration_ms: 86.760042
  ...
# Subtest: readback is recoverable without repeating a move
ok 67 - readback is recoverable without repeating a move
  ---
  duration_ms: 61.429458
  ...
# Subtest: journal-intent is recoverable without repeating a move
ok 68 - journal-intent is recoverable without repeating a move
  ---
  duration_ms: 27.013375
  ...
# Subtest: journal-result is recoverable without repeating a move
ok 69 - journal-result is recoverable without repeating a move
  ---
  duration_ms: 53.382625
  ...
# Subtest: graph is recoverable without repeating a move
ok 70 - graph is recoverable without repeating a move
  ---
  duration_ms: 60.907083
  ...
# Subtest: mixed batch records one move and one stale text; dependent moves need new source structure
ok 71 - mixed batch records one move and one stale text; dependent moves need new source structure
  ---
  duration_ms: 48.113625
  ...
# Subtest: pure moves create immutable stage revisions; later manual moves are never attributed to an old write
ok 72 - pure moves create immutable stage revisions; later manual moves are never attributed to an old write
  ---
  duration_ms: 61.73125
  ...
# Subtest: queued moves stop after revoke; already dispatched move stays unknown until actual SDK settles
ok 73 - queued moves stop after revoke; already dispatched move stays unknown until actual SDK settles
  ---
  duration_ms: 27.198625
  ...
# Subtest: unsupported SDK and properties readback mismatch fail closed; native id representation is recorded separately
ok 74 - unsupported SDK and properties readback mismatch fail closed; native id representation is recorded separately
  ---
  duration_ms: 31.361084
  ...
# Subtest: empty/no-op move remains NO_CHANGE and unrelated request then advances normally
ok 75 - empty/no-op move remains NO_CHANGE and unrelated request then advances normally
  ---
  duration_ms: 25.302709
  ...
# Subtest: first-child prepends to existing children; descendant changes between intent and dispatch stop SDK
ok 76 - first-child prepends to existing children; descendant changes between intent and dispatch stop SDK
  ---
  duration_ms: 49.614084
  ...
# Subtest: old text and child journals remain queryable next to v2; corrupt movement facts never become success
ok 77 - old text and child journals remain queryable next to v2; corrupt movement facts never become success
  ---
  duration_ms: 95.57625
  ...
# Subtest: registered conflict UI explains location, preserves proposal on close and retries only with new source
ok 78 - registered conflict UI explains location, preserves proposal on close and retries only with new source
  ---
  duration_ms: 269.638166
  ...
# Subtest: stage review renders same UUID movement with old/new position; accepted history stays immutable
ok 79 - stage review renders same UUID movement with old/new position; accepted history stays immutable
  ---
  duration_ms: 423.364041
  ...
# Subtest: known formal MiniProject with unavailable managed index retains ambiguity protection
ok 80 - known formal MiniProject with unavailable managed index retains ambiguity protection
  ---
  duration_ms: 39.413042
  ...
# Subtest: native identity delta permits only one exact property line and preserves original newline bytes
ok 81 - native identity delta permits only one exact property line and preserves original newline bytes
  ---
  duration_ms: 1.835917
  ...
# Subtest: background child insertion does not open the native editor and can finish identity verification
ok 82 - background child insertion does not open the native editor and can finish identity verification
  ---
  duration_ms: 72.61725
  ...
# Subtest: fresh Desktop FileStorage null keys mean absence; malformed key results fail closed
ok 83 - fresh Desktop FileStorage null keys mean absence; malformed key results fail closed
  ---
  duration_ms: 7.44375
  ...
# Subtest: scope identity has a durable independent intent and unknown attribution can resume identity without a body replay
ok 84 - scope identity has a durable independent intent and unknown attribution can resume identity without a body replay
  ---
  duration_ms: 27.567666
  ...
# Subtest: full raw UTF-8 versions and true preorder/parent/sibling versions have an independent SHA256 oracle
ok 85 - full raw UTF-8 versions and true preorder/parent/sibling versions have an independent SHA256 oracle
  ---
  duration_ms: 23.233292
  ...
# Subtest: a selected page root publishes real native sibling order and rejects broken left links
ok 86 - a selected page root publishes real native sibling order and rejects broken left links
  ---
  duration_ms: 7.639042
  ...
# Subtest: partial replace and contextual insertion preserve CRLF, emoji and untouched repeated text
ok 87 - partial replace and contextual insertion preserve CRLF, emoji and untouched repeated text
  ---
  duration_ms: 158.292042
  ...
# Subtest: nonintersecting same-block operations combine into one real write; no change creates no false fact
ok 88 - nonintersecting same-block operations combine into one real write; no change creates no false fact
  ---
  duration_ms: 25.310375
  ...
# Subtest: ordinary append uses stable UUID, exact parent/body readback and separately verified native identity
ok 89 - ordinary append uses stable UUID, exact parent/body readback and separately verified native identity
  ---
  duration_ms: 23.883458
  ...
# Subtest: DB Graph child identity never adds a file-graph id line
ok 90 - DB Graph child identity never adds a file-graph id line
  ---
  duration_ms: 19.152583
  ...
# Subtest: UTF16 split positions and illegal ranges are refused with the source unchanged
ok 91 - UTF16 split positions and illegal ranges are refused with the source unchanged
  ---
  duration_ms: 18.189875
  ...
# Subtest: overlapping edits and inconsistent same-block bases fail that block without blocking another safe block
ok 92 - overlapping edits and inconsistent same-block bases fail that block without blocking another safe block
  ---
  duration_ms: 137.539125
  ...
# Subtest: current full version mismatch rejects old offsets even when old text remains elsewhere
ok 93 - current full version mismatch rejects old offsets even when old text remains elsewhere
  ---
  duration_ms: 17.8915
  ...
# Subtest: unrelated source edits do not invalidate a target; actual target parent or membership changes do
ok 94 - unrelated source edits do not invalidate a target; actual target parent or membership changes do
  ---
  duration_ms: 30.591541
  ...
# Subtest: authorized root movement changes its captured ancestry and blocks queued proposals
ok 95 - authorized root movement changes its captured ancestry and blocks queued proposals
  ---
  duration_ms: 10.981708
  ...
# Subtest: native identity cannot be rewritten through natural content
ok 96 - native identity cannot be rewritten through natural content
  ---
  duration_ms: 8.799334
  ...
# Subtest: association property cannot be rewritten through natural content
ok 97 - association property cannot be rewritten through natural content
  ---
  duration_ms: 9.459125
  ...
# Subtest: managed attribute cannot be rewritten through natural content
ok 98 - managed attribute cannot be rewritten through natural content
  ---
  duration_ms: 10.073916
  ...
# Subtest: managed field cannot be rewritten through natural content
ok 99 - managed field cannot be rewritten through natural content
  ---
  duration_ms: 9.418
  ...
# Subtest: legacy field cannot be rewritten through natural content
ok 100 - legacy field cannot be rewritten through natural content
  ---
  duration_ms: 8.483875
  ...
# Subtest: formal first line is protected offline while exact natural descriptions and ordinary multiline work records are editable
ok 101 - formal first line is protected offline while exact natural descriptions and ordinary multiline work records are editable
  ---
  duration_ms: 67.743375
  ...
# Subtest: fresh ownership protects renamed managed UUIDs and permits certified ordinary formal children
ok 102 - fresh ownership protects renamed managed UUIDs and permits certified ordinary formal children
  ---
  duration_ms: 49.421166
  ...
# Subtest: affair syntax is protected offline without creating identity: TODO **[事务]** 正式标题
ok 103 - affair syntax is protected offline without creating identity: TODO **[事务]** 正式标题
  ---
  duration_ms: 120.512333
  ...
# Subtest: affair syntax is protected offline without creating identity: **[事务]** TODO 正式标题
ok 104 - affair syntax is protected offline without creating identity: **[事务]** TODO 正式标题
  ---
  duration_ms: 63.586875
  ...
# Subtest: affair syntax is protected offline without creating identity: [事务] 正式标题
ok 105 - affair syntax is protected offline without creating identity: [事务] 正式标题
  ---
  duration_ms: 47.268291
  ...
# Subtest: affair ownership online protects renamed formal roots, managed fields and local TODOs without granting ordinary writes extra authority
ok 106 - affair ownership online protects renamed formal roots, managed fields and local TODOs without granting ordinary writes extra authority
  ---
  duration_ms: 48.445917
  ...
# Subtest: ordinary content cannot introduce an affair anchor through text or child insertion
ok 107 - ordinary content cannot introduce an affair anchor through text or child insertion
  ---
  duration_ms: 24.611334
  ...
# Subtest: whole-block replacement, appended property and newly introduced formal syntax cannot bypass protection
ok 108 - whole-block replacement, appended property and newly introduced formal syntax cannot bypass protection
  ---
  duration_ms: 24.450667
  ...
# Subtest: TODO defaults read-only, including continuations and descendants; a trusted exact grant permits only that operation
ok 109 - TODO defaults read-only, including continuations and descendants; a trusted exact grant permits only that operation
  ---
  duration_ms: 51.561708
  ...
# Subtest: offline formal field ambiguity protects renamed branches and cannot be bypassed by choosing a descendant root
ok 110 - offline formal field ambiguity protects renamed branches and cannot be bypassed by choosing a descendant root
  ---
  duration_ms: 16.093459
  ...
# Subtest: code and external quotation are inert text; source instructions and forged privilege fields never execute or authorize
ok 111 - code and external quotation are inert text; source instructions and forged privilege fields never execute or authorize
  ---
  duration_ms: 20.458625
  ...
# Subtest: native draft and composition guards never force save, exit editing, or overwrite input
ok 112 - native draft and composition guards never force save, exit editing, or overwrite input
  ---
  duration_ms: 27.316
  ...
# Subtest: same request payload returns historical verified facts after restart and later source edits; different payload is refused
ok 113 - same request payload returns historical verified facts after restart and later source edits; different payload is refused
  ---
  duration_ms: 40.858917
  ...
# Subtest: same-key concurrent requests execute once and independent stale same-block requests serialize rather than lose an edit
ok 114 - same-key concurrent requests execute once and independent stale same-block requests serialize rather than lose an edit
  ---
  duration_ms: 30.028125
  ...
# Subtest: partial batch records real success/conflict and explicit retry uses the new version without replaying success
ok 115 - partial batch records real success/conflict and explicit retry uses the new version without replaying success
  ---
  duration_ms: 64.755
  ...
# Subtest: an oversized combined journal intent stops before Graph dispatch and its earlier intent stays readable
ok 116 - an oversized combined journal intent stops before Graph dispatch and its earlier intent stays readable
  ---
  duration_ms: 820.314292
  ...
# Subtest: intent journal failure stops before any source call; pending pre-dispatch record recovers as unapplied
ok 117 - intent journal failure stops before any source call; pending pre-dispatch record recovers as unapplied
  ---
  duration_ms: 11.114042
  ...
# Subtest: verified source write with lost final journal save stays fenced from replay; recovery observes content without false attribution
ok 118 - verified source write with lost final journal save stays fenced from replay; recovery observes content without false attribution
  ---
  duration_ms: 30.108792
  ...
# Subtest: readback mismatch is outcome unknown and retains the newer real body
ok 119 - readback mismatch is outcome unknown and retains the newer real body
  ---
  duration_ms: 28.424083
  ...
# Subtest: host timeout records unknown and holds a source fence until its uncancellable SDK request settles
ok 120 - host timeout records unknown and holds a source fence until its uncancellable SDK request settles
  ---
  duration_ms: 112.354958
  ...
# Subtest: insert-child reply loss and an unrelated existing UUID cannot create duplicates or be claimed as verified creation
ok 121 - insert-child reply loss and an unrelated existing UUID cannot create duplicates or be claimed as verified creation
  ---
  duration_ms: 56.69175
  ...
# Subtest: new child body and failed durable identity remain separate facts, explicit identity recovery never appends again
ok 122 - new child body and failed durable identity remain separate facts, explicit identity recovery never appends again
  ---
  duration_ms: 51.546292
  ...
# Subtest: identity recovery refuses a later human child edit and never rewrites it
ok 123 - identity recovery refuses a later human child edit and never rewrites it
  ---
  duration_ms: 48.420667
  ...
# Subtest: revoking a scope invalidates a queued write and an in-flight result honestly stays unknown
ok 124 - revoking a scope invalidates a queued write and an in-flight result honestly stays unknown
  ---
  duration_ms: 19.857459
  ...
# Subtest: Graph switch during a source read stops before SDK write and preserves the proposal
ok 125 - Graph switch during a source read stops before SDK write and preserves the proposal
  ---
  duration_ms: 8.350958
  ...
# Subtest: special object-key operation IDs remain discoverable conflicts and resolve durably without prototype changes
ok 126 - special object-key operation IDs remain discoverable conflicts and resolve durably without prototype changes
  ---
  duration_ms: 86.503167
  ...
# Subtest: corrupt newest journal never falls back to an earlier intent and never replays a success
ok 127 - corrupt newest journal never falls back to an earlier intent and never replays a success
  ---
  duration_ms: 30.461291
  ...
# Subtest: closed schema bounds source targets, payload size, insert context and operation vocabulary
ok 128 - closed schema bounds source targets, payload size, insert context and operation vocabulary
  ---
  duration_ms: 21.687208
  ...
# Subtest: Desktop missing-stat null is checked against the parent; unreadable existing paths never become absent
ok 129 - Desktop missing-stat null is checked against the parent; unreadable existing paths never become absent
  ---
  duration_ms: 0.80925
  ...
# Subtest: mode-less Desktop stat requires real readdir or ENOTDIR evidence and never guesses on denied/unknown results
ok 130 - mode-less Desktop stat requires real readdir or ENOTDIR evidence and never guesses on denied/unknown results
  ---
  duration_ms: 0.270667
  ...
# Subtest: Desktop compact stat distinguishes an existing empty directory and a file, and never treats access failure as a file
ok 131 - Desktop compact stat distinguishes an existing empty directory and a file, and never treats access failure as a file
  ---
  duration_ms: 10.2655
  ...
# Subtest: filesystem identity requires all observed physical facts; compact/unsafe stats never invent an identity
ok 132 - filesystem identity requires all observed physical facts; compact/unsafe stats never invent an identity
  ---
  duration_ms: 0.187333
  ...
# Subtest: ordinary blocks are not marker eligible
ok 133 - ordinary blocks are not marker eligible
  ---
  duration_ms: 0.650084
  ...
# Subtest: Task, MiniProject, and Project share one formal marker identity
ok 134 - Task, MiniProject, and Project share one formal marker identity
  ---
  duration_ms: 0.12675
  ...
# Subtest: marker glyph is one stable glyph for every kind
ok 135 - marker glyph is one stable glyph for every kind
  ---
  duration_ms: 0.049875
  ...
# Subtest: tooltip exposes kind and user-facing state only, never internal ids
ok 136 - tooltip exposes kind and user-facing state only, never internal ids
  ---
  duration_ms: 0.046208
  ...
# Subtest: tooltip falls back to lifecycle copy when engagement is absent
ok 137 - tooltip falls back to lifecycle copy when engagement is absent
  ---
  duration_ms: 0.09275
  ...
# Subtest: warning consistency uses ◇! and user-facing projection warning tooltip
ok 138 - warning consistency uses ◇! and user-facing projection warning tooltip
  ---
  duration_ms: 0.045875
  ...
# Subtest: normal consistency keeps the plain formal glyph
ok 139 - normal consistency keeps the plain formal glyph
  ---
  duration_ms: 0.032458
  ...
# Subtest: stable projection anomaly excludes transient retries and business states
ok 140 - stable projection anomaly excludes transient retries and business states
  ---
  duration_ms: 0.128958
  ...
# Subtest: ordinary formalization is a verified zero-noise projection
ok 141 - ordinary formalization is a verified zero-noise projection
  ---
  duration_ms: 5.731959
  ...
# Subtest: typed ADD_REFERENCE preserves source text and fails closed on stale topology
ok 142 - typed ADD_REFERENCE preserves source text and fails closed on stale topology
  ---
  duration_ms: 0.707834
  ...
# Subtest: title-only DB block shapes pass through the formalization entry and Graph Adapter
ok 143 - title-only DB block shapes pass through the formalization entry and Graph Adapter
  ---
  duration_ms: 0.573375
  ...
# Subtest: focus is UUID-addressed, label-independent, and safely standardized by re-render
ok 144 - focus is UUID-addressed, label-independent, and safely standardized by re-render
  ---
  duration_ms: 1.389792
  ...
# Subtest: value or topology conflicts fail closed and preserve natural children
ok 145 - value or topology conflicts fail closed and preserve natural children
  ---
  duration_ms: 25.466792
  ...
# Subtest: Waiting and review render as sparse ordered children while full semantics stay Kernel-owned
ok 146 - Waiting and review render as sparse ordered children while full semantics stay Kernel-owned
  ---
  duration_ms: 1.288667
  ...
# Subtest: managed field reorder or natural interleaving is a topology conflict
ok 147 - managed field reorder or natural interleaving is a topology conflict
  ---
  duration_ms: 10.080083
  ...
# Subtest: partial multi-block response loss resumes without overwriting a third value
ok 148 - partial multi-block response loss resumes without overwriting a third value
  ---
  duration_ms: 1.658375
  ...
# Subtest: Completion uses DONE alone when outcome repeats title and shows only an informative outcome
ok 149 - Completion uses DONE alone when outcome repeats title and shows only an informative outcome
  ---
  duration_ms: 10.866834
  ...
# Subtest: Cancellation and reopen use one stable closure UUID
ok 150 - Cancellation and reopen use one stable closure UUID
  ---
  duration_ms: 2.399416
  ...
# Subtest: marker response loss and restart-style retry converge safely
ok 151 - marker response loss and restart-style retry converge safely
  ---
  duration_ms: 0.434959
  ...
# Subtest: a managed edit between marker and presentation writes is retained and fails closed
ok 152 - a managed edit between marker and presentation writes is retained and fails closed
  ---
  duration_ms: 0.589292
  ...
# Subtest: bounded legacy engineering projection is presentation-equivalent and safely converges
ok 153 - bounded legacy engineering projection is presentation-equivalent and safely converges
  ---
  duration_ms: 0.645959
  ...
# Subtest: legacy ownership expansion prevents destructive re-render
ok 154 - legacy ownership expansion prevents destructive re-render
  ---
  duration_ms: 0.18
  ...
# Subtest: create compensation removes registered presentation only
ok 155 - create compensation removes registered presentation only
  ---
  duration_ms: 0.61375
  ...
# Subtest: create compensation waits for stale removed blocks before reporting absence
ok 156 - create compensation waits for stale removed blocks before reporting absence
  ---
  duration_ms: 46.447833
  ...
# Subtest: restart recovery verifies registered projection UUID absence instead of trusting an empty adapter cache
ok 157 - restart recovery verifies registered projection UUID absence instead of trusting an empty adapter cache
  ---
  duration_ms: 521.171542
  ...
# Subtest: fresh readback tolerates only the exact pre-write projection while Logseq catches up
ok 158 - fresh readback tolerates only the exact pre-write projection while Logseq catches up
  ---
  duration_ms: 41.808625
  ...
# Subtest: evidence material remains a fresh canonical read bound to the separate proof capability
ok 159 - evidence material remains a fresh canonical read bound to the separate proof capability
  ---
  duration_ms: 1.35025
  ...
# Subtest: canonical Task source is normalized from legacy prefix-first and completed in place
ok 160 - canonical Task source is normalized from legacy prefix-first and completed in place
  ---
  duration_ms: 0.818583
  ...
# Subtest: canonical Task rename updates the managed source line
ok 161 - canonical Task rename updates the managed source line
  ---
  duration_ms: 0.592375
  ...
# Subtest: 任务 projections preserve raw source identity, properties, natural text and subtree through rename/closure/restart
ok 162 - 任务 projections preserve raw source identity, properties, natural text and subtree through rename/closure/restart
  ---
  duration_ms: 1.40825
  ...
# Subtest: 事务 projections preserve raw source identity, properties, natural text and subtree through rename/closure/restart
ok 163 - 事务 projections preserve raw source identity, properties, natural text and subtree through rename/closure/restart
  ---
  duration_ms: 1.276833
  ...
# Subtest: canonical MiniProject source stays idempotent through upsert and rerender
ok 164 - canonical MiniProject source stays idempotent through upsert and rerender
  ---
  duration_ms: 0.847541
  ...
# Subtest: natural Task source is never normalized by the Graph Adapter
ok 165 - natural Task source is never normalized by the Graph Adapter
  ---
  duration_ms: 0.85225
  ...
# Subtest: CREATE delivery resumes exact or partial owned presentation after a lost reply and removal proves actual UUID absence
ok 166 - CREATE delivery resumes exact or partial owned presentation after a lost reply and removal proves actual UUID absence
  ---
  duration_ms: 10.38575
  ...
# Subtest: background worker exposes bounded Graph semantics and trusted Evidence, not filesystem RPC
ok 167 - background worker exposes bounded Graph semantics and trusted Evidence, not filesystem RPC
  ---
  duration_ms: 0.643958
  ...
# Subtest: worker fails an already claimed request after scope invalidation and does not resume after stop
ok 168 - worker fails an already claimed request after scope invalidation and does not resume after stop
  ---
  duration_ms: 35.447833
  ...
# Subtest: offline defaults distinguish tasks, notes and unmarked long prose
ok 169 - offline defaults distinguish tasks, notes and unmarked long prose
  ---
  duration_ms: 0.832625
  ...
# Subtest: explicit preferences survive changed source, auto restores code decisions
ok 170 - explicit preferences survive changed source, auto restores code decisions
  ---
  duration_ms: 0.323708
  ...
# Subtest: only explicit task aliases and tagged MiniProject are objects
ok 171 - only explicit task aliases and tagged MiniProject are objects
  ---
  duration_ms: 1.218541
  ...
# Subtest: ordinary context traversed, nearest wins, only object crumbs
ok 172 - ordinary context traversed, nearest wins, only object crumbs
  ---
  duration_ms: 0.450417
  ...
# Subtest: breadcrumb hold contains nested objects via SOURCE ancestry; external exits
ok 173 - breadcrumb hold contains nested objects via SOURCE ancestry; external exits
  ---
  duration_ms: 0.22625
  ...
# Subtest: default sibling switches; explicit ordinary scope holds only its subtree
ok 174 - default sibling switches; explicit ordinary scope holds only its subtree
  ---
  duration_ms: 0.084083
  ...
# Subtest: cycles and overlong paths do not switch scope
ok 175 - cycles and overlong paths do not switch scope
  ---
  duration_ms: 0.086958
  ...
# Subtest: unreadable parent is not mistaken for a normal end; page ID terminates safely
ok 176 - unreadable parent is not mistaken for a normal end; page ID terminates safely
  ---
  duration_ms: 0.131375
  ...
# Subtest: held membership follows source relocation rather than retained presentation references
ok 177 - held membership follows source relocation rather than retained presentation references
  ---
  duration_ms: 0.067583
  ...
# Subtest: object prefixes do not require a space before the title
ok 178 - object prefixes do not require a space before the title
  ---
  duration_ms: 0.039458
  ...
# Subtest: canonical vNext task markers retain navigation labels
ok 179 - canonical vNext task markers retain navigation labels
  ---
  duration_ms: 0.282459
  ...
# Subtest: legacy and marker-first affair roots use the canonical clean title while same-name nested roots keep UUID ancestry
ok 180 - legacy and marker-first affair roots use the canonical clean title while same-name nested roots keep UUID ancestry
  ---
  duration_ms: 0.185958
  ...
# Subtest: native material references return to the clicked block even when another work is open; report references use current work
ok 181 - native material references return to the clicked block even when another work is open; report references use current work
  ---
  duration_ms: 222.4835
  ...
# Subtest: offline directory preview leaves identity, source and editing permission untouched until explicit association
ok 182 - offline directory preview leaves identity, source and editing permission untouched until explicit association
  ---
  duration_ms: 202.82625
  ...
# Subtest: offline directory reads an existing captured output through its original identity and permissions
ok 183 - offline directory reads an existing captured output through its original identity and permissions
  ---
  duration_ms: 92.180542
  ...
# Subtest: a delayed connected preview cannot revive a previous Graph or offer a write there
ok 184 - a delayed connected preview cannot revive a previous Graph or offer a write there
  ---
  duration_ms: 82.490125
  ...
# Subtest: material editor is reused, unrelated polls preserve focus and IME waits until composition ends before autosave
ok 185 - material editor is reused, unrelated polls preserve focus and IME waits until composition ends before autosave
  ---
  duration_ms: 235.10375
  ...
# Subtest: stable external versions update a clean editor but never replace a dirty draft; each Graph restores its own draft
ok 186 - stable external versions update a clean editor but never replace a dirty draft; each Graph restores its own draft
  ---
  duration_ms: 70.591875
  ...
# Subtest: an already-started save remains bound to its original Graph and dispose waits to destroy the editor
ok 187 - an already-started save remains bound to its original Graph and dispose waits to destroy the editor
  ---
  duration_ms: 43.809291
  ...
# Subtest: navigation keeps the editor when composing or when a dirty draft cannot be cached
ok 188 - navigation keeps the editor when composing or when a dirty draft cannot be cached
  ---
  duration_ms: 47.691792
  ...
# Subtest: a missing material keeps a selectable draft without pretending the original can be read or edited
ok 189 - a missing material keeps a selectable draft without pretending the original can be read or edited
  ---
  duration_ms: 27.454375
  ...
# Subtest: restoring captured source stops before writing when Graph changes during its SDK read
ok 190 - restoring captured source stops before writing when Graph changes during its SDK read
  ---
  duration_ms: 85.729167
  ...
# Subtest: project A capture → another page reading → draft editing → project B → A old link → external conflict → retained draft recovery → return to task
ok 191 - project A capture → another page reading → draft editing → project B → A old link → external conflict → retained draft recovery → return to task
  ---
  duration_ms: 290.770959
  ...
# Subtest: failed reference insertion returns the saved identity and replay repairs the link once without another material
ok 192 - failed reference insertion returns the saved identity and replay repairs the link once without another material
  ---
  duration_ms: 23.892167
  ...
# Subtest: automatic paste respects opt-in, short/internal/code input and retains a saved capture when position or Graph changes
ok 193 - automatic paste respects opt-in, short/internal/code input and retains a saved capture when position or Graph changes
  ---
  duration_ms: 46.474042
  ...
# Subtest: user and agent captures share HTML conversion and preserve the original for recovery
ok 194 - user and agent captures share HTML conversion and preserve the original for recovery
  ---
  duration_ms: 26.502125
  ...
# Subtest: explicit submitted text survives a file failure and the user resumes the same material from its record
ok 195 - explicit submitted text survives a file failure and the user resumes the same material from its record
  ---
  duration_ms: 51.617209
  ...
# Subtest: view subtree move leaves source intact and preserves children
ok 196 - view subtree move leaves source intact and preserves children
  ---
  duration_ms: 0.738083
  ...
# Subtest: indent and outdent whole subtree, root immovable
ok 197 - indent and outdent whole subtree, root immovable
  ---
  duration_ms: 0.264542
  ...
# Subtest: source edits/reorder/insertion/removal/resurrection do not reorder existing references
ok 198 - source edits/reorder/insertion/removal/resurrection do not reorder existing references
  ---
  duration_ms: 0.119708
  ...
# Subtest: compatible personal markers and orthogonal task state
ok 199 - compatible personal markers and orthogonal task state
  ---
  duration_ms: 0.848625
  ...
# Subtest: no semantics from code, page refs, quotation, non-prefix and unfinished labels
ok 200 - no semantics from code, page refs, quotation, non-prefix and unfinished labels
  ---
  duration_ms: 0.160292
  ...
# Subtest: 300 nodes / 2000 source updates preserve customized layout
ok 201 - 300 nodes / 2000 source updates preserve customized layout
  ---
  duration_ms: 379.875833
  ...
# Subtest: real report entrance retains complete bodies and node identity while headers cannot resolve as source drop targets
ok 202 - real report entrance retains complete bodies and node identity while headers cannot resolve as source drop targets
  ---
  duration_ms: 210.017667
  ...
# Subtest: narrow window yields the panel, really invokes native editing and restores current report after host commit
ok 203 - narrow window yields the panel, really invokes native editing and restores current report after host commit
  ---
  duration_ms: 81.966583
  ...
# Subtest: navigation acknowledgement precedes the native route render; success requires the actual target input to survive
ok 204 - navigation acknowledgement precedes the native route render; success requires the actual target input to survive
  ---
  duration_ms: 119.1295
  ...
# Subtest: wide docked window retains the report and native input, while report reflects only committed source
ok 205 - wide docked window retains the report and native input, while report reflects only committed source
  ---
  duration_ms: 102.244833
  ...
# Subtest: returning to the same native editor preserves its draft, input node and exact selection instead of reloading source
ok 206 - returning to the same native editor preserves its draft, input node and exact selection instead of reloading source
  ---
  duration_ms: 173.706459
  ...
# Subtest: resizing beside native composition to a narrow window yields the report without saving or cancelling input
ok 207 - resizing beside native composition to a narrow window yields the report without saving or cancelling input
  ---
  duration_ms: 119.913292
  ...
# Subtest: report folds, focus and explicit original layout survive reading toggles without source or layout writes
ok 208 - report folds, focus and explicit original layout survive reading toggles without source or layout writes
  ---
  duration_ms: 111.344167
  ...
# Subtest: stale mapping, real host composition and existing native drafts refuse navigation before focus or visibility changes
ok 209 - stale mapping, real host composition and existing native drafts refuse navigation before focus or visibility changes
  ---
  duration_ms: 154.57175
  ...
# Subtest: switching away while native navigation is pending preserves reading but cancels the old edit
ok 210 - switching away while native navigation is pending preserves reading but cancels the old edit
  ---
  duration_ms: 31.618833
  ...
# Subtest: Graph/root changes and dispose invalidate delayed source navigation and remove the owned return affordance
ok 211 - Graph/root changes and dispose invalidate delayed source navigation and remove the owned return affordance
  ---
  duration_ms: 62.37525
  ...
# Subtest: committed source updates defer grouping and mapping during host composition, then refresh without replacing unchanged bodies
ok 212 - committed source updates defer grouping and mapping during host composition, then refresh without replacing unchanged bodies
  ---
  duration_ms: 86.050625
  ...
# Subtest: source changes arriving during a slow provider read are queued; a superseded snapshot cannot strand the report
ok 213 - source changes arriving during a slow provider read are queued; a superseded snapshot cannot strand the report
  ---
  duration_ms: 55.656334
  ...
# Subtest: source loss labels the retained report as unavailable and rejects navigation; recovery refreshes current facts
ok 214 - source loss labels the retained report as unavailable and rejects navigation; recovery refreshes current facts
  ---
  duration_ms: 64.660959
  ...
# Subtest: a commit racing after source resolution cancels native navigation before yielding the panel
ok 215 - a commit racing after source resolution cancels native navigation before yielding the panel
  ---
  duration_ms: 81.873
  ...
# Subtest: production default opens complete reading without inheriting old structure folds or truncation
ok 216 - production default opens complete reading without inheriting old structure folds or truncation
  ---
  duration_ms: 500.856208
  ...
# Subtest: text selection and raw comparison never request native routing; comparison uses the captured source version
ok 217 - text selection and raw comparison never request native routing; comparison uses the captured source version
  ---
  duration_ms: 84.922417
  ...
# Subtest: the visible continue-writing action reuses the live input and exact selection without refreshing the report
ok 218 - the visible continue-writing action reuses the live input and exact selection without refreshing the report
  ---
  duration_ms: 205.978875
  ...
# Subtest: the work-menu native-page action preserves live input while yielding a narrow layout
ok 219 - the work-menu native-page action preserves live input while yielding a narrow layout
  ---
  duration_ms: 214.437917
  ...
# Subtest: ordinary native input defers committed report changes, then publishes only changed bodies after input ends
ok 220 - ordinary native input defers committed report changes, then publishes only changed bodies after input ends
  ---
  duration_ms: 174.117208
  ...
# Subtest: opening a host sidebar without a window resize yields native input and adds exactly one keyboard return control
ok 221 - opening a host sidebar without a window resize yields native input and adds exactly one keyboard return control
  ---
  duration_ms: 133.422167
  ...
# Subtest: reading mode and explicit folds follow Graph/root identity across material switches and different works
ok 222 - reading mode and explicit folds follow Graph/root identity across material switches and different works
  ---
  duration_ms: 86.474875
  ...
# Subtest: a void SDK route acknowledgement waits for the actual native block, and closing cancels late input
ok 223 - a void SDK route acknowledgement waits for the actual native block, and closing cancels late input
  ---
  duration_ms: 437.139458
  ...
# Subtest: a hidden navigation lease revalidates membership from the installed provider after routing
ok 224 - a hidden navigation lease revalidates membership from the installed provider after routing
  ---
  duration_ms: 52.003666
  ...
# Subtest: autosave changes may continue the same input lease, but a moved-out UUID cannot take focus
ok 225 - autosave changes may continue the same input lease, but a moved-out UUID cannot take focus
  ---
  duration_ms: 107.861916
  ...
# Subtest: a deleted report source leaves no orphan paragraph; unchanged bodies and current scope survive
ok 226 - a deleted report source leaves no orphan paragraph; unchanged bodies and current scope survive
  ---
  duration_ms: 49.622667
  ...
# Subtest: entering real long report ignores inherited folds and compact overrides; explicit folds and lens exit restore all current sources
ok 227 - entering real long report ignores inherited folds and compact overrides; explicit folds and lens exit restore all current sources
  ---
  duration_ms: 1145.035167
  ...
# Subtest: middle source update retains unrelated nodes, selection, focus and material hooks; plain double-click never enters native editing
ok 228 - middle source update retains unrelated nodes, selection, focus and material hooks; plain double-click never enters native editing
  ---
  duration_ms: 1022.716042
  ...
# Subtest: long historical overlay keeps saved source order and every original body while current report mappings and native actions are unavailable
ok 229 - long historical overlay keeps saved source order and every original body while current report mappings and native actions are unavailable
  ---
  duration_ms: 679.691917
  ...
# Subtest: standalone requirement tree filters, expands, selects and distinguishes enablement from implementation
ok 230 - standalone requirement tree filters, expands, selects and distinguishes enablement from implementation
  ---
  duration_ms: 65.397709
  ...
# formalize Error: GRAPH_SCOPE_CHANGED
#     at PluginRuntime.assertCurrent (/Users/wangrundong/.codex/worktrees/merge-native-editor-reading-main/任务管理中心-logseq插件/apps/logseq-plugin/src/plugin-runtime.ts:86:82)
#     at PluginRuntime.inGraph (/Users/wangrundong/.codex/worktrees/merge-native-editor-reading-main/任务管理中心-logseq插件/apps/logseq-plugin/src/plugin-runtime.ts:220:41)
#     at async formalizeCurrentRecord (/Users/wangrundong/.codex/worktrees/merge-native-editor-reading-main/任务管理中心-logseq插件/apps/logseq-plugin/src/features/task-center/controller.ts:181:31)
#     at async guarded (/Users/wangrundong/.codex/worktrees/merge-native-editor-reading-main/任务管理中心-logseq插件/apps/logseq-plugin/src/features/task-center/controller.ts:1130:9)
# formalize Error: fixture commit rejected
#     at KernelClient.KernelClient.commitFormal (/Users/wangrundong/.codex/worktrees/merge-native-editor-reading-main/任务管理中心-logseq插件/apps/logseq-plugin/tests/integration/task-command-scope.test.mjs:28:105)
#     at submitCapturedFormal (/Users/wangrundong/.codex/worktrees/merge-native-editor-reading-main/任务管理中心-logseq插件/apps/logseq-plugin/src/features/task-center/controller.ts:103:58)
# Subtest: registered formalize command captures Graph before reading and rollback preserves a newer user edit
ok 231 - registered formalize command captures Graph before reading and rollback preserves a newer user edit
  ---
  duration_ms: 89.178834
  ...
# Subtest: registered TASK closures, compensation, Focus, Engagement and Online DONE update formal state and audit
ok 232 - registered TASK closures, compensation, Focus, Engagement and Online DONE update formal state and audit
  ---
  duration_ms: 353.549875
  ...
# cancel-task Error: GRAPH_SCOPE_CHANGED
#     at assertCommandScope (/Users/wangrundong/.codex/worktrees/merge-native-editor-reading-main/任务管理中心-logseq插件/apps/logseq-plugin/src/features/task-center/controller.ts:43:68)
#     at executeClosureOperation (/Users/wangrundong/.codex/worktrees/merge-native-editor-reading-main/任务管理中心-logseq插件/apps/logseq-plugin/src/features/task-center/controller.ts:975:3)
#     at cancelCurrentTask (/Users/wangrundong/.codex/worktrees/merge-native-editor-reading-main/任务管理中心-logseq插件/apps/logseq-plugin/src/features/task-center/controller.ts:1008:27)
#     at async guarded (/Users/wangrundong/.codex/worktrees/merge-native-editor-reading-main/任务管理中心-logseq插件/apps/logseq-plugin/src/features/task-center/controller.ts:1130:9)
# agent-current-focus Error: GRAPH_SCOPE_CHANGED
#     at PluginRuntime.assertCurrent (/Users/wangrundong/.codex/worktrees/merge-native-editor-reading-main/任务管理中心-logseq插件/apps/logseq-plugin/src/plugin-runtime.ts:86:82)
#     at PluginRuntime.inGraph (/Users/wangrundong/.codex/worktrees/merge-native-editor-reading-main/任务管理中心-logseq插件/apps/logseq-plugin/src/plugin-runtime.ts:220:41)
#     at async letAgentUpdateCurrentFocus (/Users/wangrundong/.codex/worktrees/merge-native-editor-reading-main/任务管理中心-logseq插件/apps/logseq-plugin/src/features/task-center/controller.ts:236:32)
#     at async guarded (/Users/wangrundong/.codex/worktrees/merge-native-editor-reading-main/任务管理中心-logseq插件/apps/logseq-plugin/src/features/task-center/controller.ts:1130:9)
# Subtest: registered commands pin targets across prompts and reject A to B to A generations before Agent SDK or writes
ok 233 - registered commands pin targets across prompts and reject A to B to A generations before Agent SDK or writes
  ---
  duration_ms: 146.883041
  ...
# complete-task FormalOutcomeUnknownError: 正式请求结果尚未确定（closure-dbbf27bd-3386-49c4-bf85-5305a6459ec6）；再次执行会查询或重试同一请求。
#     at KernelClient.KernelClient.commitFormal (/Users/wangrundong/.codex/worktrees/merge-native-editor-reading-main/任务管理中心-logseq插件/apps/logseq-plugin/tests/integration/task-formal-commands.test.mjs:105:163)
#     at submitCapturedFormal (/Users/wangrundong/.codex/worktrees/merge-native-editor-reading-main/任务管理中心-logseq插件/apps/logseq-plugin/src/features/task-center/controller.ts:103:58) {
#   operationId: 'closure-dbbf27bd-3386-49c4-bf85-5305a6459ec6',
#   [cause]: Error: lost response and receipt unavailable
#       at KernelClient.KernelClient.commitFormal (/Users/wangrundong/.codex/worktrees/merge-native-editor-reading-main/任务管理中心-logseq插件/apps/logseq-plugin/tests/integration/task-formal-commands.test.mjs:105:206)
#       at submitCapturedFormal (/Users/wangrundong/.codex/worktrees/merge-native-editor-reading-main/任务管理中心-logseq插件/apps/logseq-plugin/src/features/task-center/controller.ts:103:58)
# }
# complete-task Error: 正式提交已成功（05daeb54-d432-42bd-8e45-299101cb83ba）；Graph 作用域已切换，投影义务已保留。
#     at finishFormal (/Users/wangrundong/.codex/worktrees/merge-native-editor-reading-main/任务管理中心-logseq插件/apps/logseq-plugin/src/features/task-center/controller.ts:123:68)
#     at executeClosureOperation (/Users/wangrundong/.codex/worktrees/merge-native-editor-reading-main/任务管理中心-logseq插件/apps/logseq-plugin/src/features/task-center/controller.ts:984:26)
#     at async completeCurrentTask (/Users/wangrundong/.codex/worktrees/merge-native-editor-reading-main/任务管理中心-logseq插件/apps/logseq-plugin/src/features/task-center/controller.ts:991:21)
#     at async guarded (/Users/wangrundong/.codex/worktrees/merge-native-editor-reading-main/任务管理中心-logseq插件/apps/logseq-plugin/src/features/task-center/controller.ts:1130:9)
# Subtest: registered completion retries an uncertain result under the same operation and retains a late accepted receipt without overwriting recent state
ok 234 - registered completion retries an uncertain result under the same operation and retains a late accepted receipt without overwriting recent state
  ---
  duration_ms: 106.735791
  ...
# rerender Error: 该事项的投影义务正在统一交付；核对完成后可重新渲染。
#     at rerenderCurrentFormalItem (/Users/wangrundong/.codex/worktrees/merge-native-editor-reading-main/任务管理中心-logseq插件/apps/logseq-plugin/src/features/task-center/controller.ts:1099:11)
#     at async guarded (/Users/wangrundong/.codex/worktrees/merge-native-editor-reading-main/任务管理中心-logseq插件/apps/logseq-plugin/src/features/task-center/controller.ts:1130:9)
# Subtest: registered presentation rerender delivers an unfinished formal obligation before any presentation write
ok 235 - registered presentation rerender delivers an unfinished formal obligation before any presentation write
  ---
  duration_ms: 80.14475
  ...
# complete-task Error: EACCES private storage
#     at Object.globalThis.logseq.FileStorage.getItem (/Users/wangrundong/.codex/worktrees/merge-native-editor-reading-main/任务管理中心-logseq插件/apps/logseq-plugin/tests/integration/task-formal-commands.test.mjs:135:65)
#     at readOptionalPrivateItem (/Users/wangrundong/.codex/worktrees/merge-native-editor-reading-main/任务管理中心-logseq插件/apps/logseq-plugin/src/private-storage.ts:8:30)
#     at PluginRuntime.descriptor (/Users/wangrundong/.codex/worktrees/merge-native-editor-reading-main/任务管理中心-logseq插件/apps/logseq-plugin/src/plugin-runtime.ts:89:26)
#     at PluginRuntime.client (/Users/wangrundong/.codex/worktrees/merge-native-editor-reading-main/任务管理中心-logseq插件/apps/logseq-plugin/src/plugin-runtime.ts:106:78)
#     at client (/Users/wangrundong/.codex/worktrees/merge-native-editor-reading-main/任务管理中心-logseq插件/apps/logseq-plugin/src/features/task-center/controller.ts:150:71)
#     at currentTaskContext (/Users/wangrundong/.codex/worktrees/merge-native-editor-reading-main/任务管理中心-logseq插件/apps/logseq-plugin/src/features/task-center/controller.ts:963:21)
#     at async completeCurrentTask (/Users/wangrundong/.codex/worktrees/merge-native-editor-reading-main/任务管理中心-logseq插件/apps/logseq-plugin/src/features/task-center/controller.ts:989:17)
#     at async guarded (/Users/wangrundong/.codex/worktrees/merge-native-editor-reading-main/任务管理中心-logseq插件/apps/logseq-plugin/src/features/task-center/controller.ts:1130:9)
# Subtest: registered formal command reports unexpected private-storage IO and does not accept business state
ok 236 - registered formal command reports unexpected private-storage IO and does not accept business state
  ---
  duration_ms: 72.249958
  ...
# show-evidence Error: GRAPH_SCOPE_CHANGED
#     at assertCommandScope (/Users/wangrundong/.codex/worktrees/merge-native-editor-reading-main/任务管理中心-logseq插件/apps/logseq-plugin/src/features/task-center/controller.ts:43:68)
#     at showRecentEvidence (/Users/wangrundong/.codex/worktrees/merge-native-editor-reading-main/任务管理中心-logseq插件/apps/logseq-plugin/src/features/task-center/controller.ts:1038:3)
#     at runNextTicks (node:internal/process/task_queues:60:5)
#     at listOnTimeout (node:internal/timers:545:9)
#     at process.processTimers (node:internal/timers:519:7)
#     at async guarded (/Users/wangrundong/.codex/worktrees/merge-native-editor-reading-main/任务管理中心-logseq插件/apps/logseq-plugin/src/features/task-center/controller.ts:1130:9)
# show-evidence Error: 当前 Graph 不是最近依据的 Graph。
#     at showRecentEvidence (/Users/wangrundong/.codex/worktrees/merge-native-editor-reading-main/任务管理中心-logseq插件/apps/logseq-plugin/src/features/task-center/controller.ts:1039:43)
#     at async guarded (/Users/wangrundong/.codex/worktrees/merge-native-editor-reading-main/任务管理中心-logseq插件/apps/logseq-plugin/src/features/task-center/controller.ts:1130:9)
# Subtest: registered evidence display rejects late A to B to A results and foreign legacy evidence
ok 237 - registered evidence display rejects late A to B to A results and foreign legacy evidence
  ---
  duration_ms: 76.818125
  ...
# Subtest: actual work panel composes reversible multi-structure plans, complete blocks, unchanged source/layout and stable controls
ok 238 - actual work panel composes reversible multi-structure plans, complete blocks, unchanged source/layout and stable controls
  ---
  duration_ms: 209.717583
  ...
# Subtest: manual UI and registered current-block commands apply a real subtree without pretending to understand a question
ok 239 - manual UI and registered current-block commands apply a real subtree without pretending to understand a question
  ---
  duration_ms: 151.889167
  ...
# Subtest: new questions replace, rather than intersect; genuinely in-flight old reads and cancelled/closed results cannot revive plans
ok 240 - new questions replace, rather than intersect; genuinely in-flight old reads and cancelled/closed results cannot revive plans
  ---
  duration_ms: 33.122541
  ...
# Subtest: committed source updates do not re-prune; draft versions remain separate and obsolete inference/emphasis is hidden
ok 241 - committed source updates do not re-prune; draft versions remain separate and obsolete inference/emphasis is hidden
  ---
  duration_ms: 296.788875
  ...
# Subtest: user folds, ordering and display choices made while focused survive exit instead of being overwritten by an old snapshot
ok 242 - user folds, ordering and display choices made while focused survive exit instead of being overwritten by an old snapshot
  ---
  duration_ms: 51.012208
  ...
# Subtest: composition preserves body nodes and keyboard state; new plans cannot hide an active edit
ok 243 - composition preserves body nodes and keyboard state; new plans cannot hide an active edit
  ---
  duration_ms: 141.519959
  ...
# Subtest: previous questions revalidate versions; scope switches and dispose invalidate all stored and in-flight selection
ok 244 - previous questions revalidate versions; scope switches and dispose invalidate all stored and in-flight selection
  ---
  duration_ms: 126.611917
  ...
# Subtest: native editing that starts after source capture still prevents pruning, and cancellation during that check wins
ok 245 - native editing that starts after source capture still prevents pruning, and cancellation during that check wins
  ---
  duration_ms: 22.736084
  ...
# Subtest: source failure preserves the focused reading but exposes unavailable versions; restored sources do not revive old inference
ok 246 - source failure preserves the focused reading but exposes unavailable versions; restored sources do not revive old inference
  ---
  duration_ms: 35.197458
  ...
# Subtest: material opening failure keeps the current question and location; switching cancels pending requests and returning restores the lens
ok 247 - material opening failure keeps the current question and location; switching cancels pending requests and returning restores the lens
  ---
  duration_ms: 62.430625
  ...
# Subtest: safe Markdown and block emphasis retain link semantics; reduced-motion styling is local and semantic inference remains text
ok 248 - safe Markdown and block emphasis retain link semantics; reduced-motion styling is local and semantic inference remains text
  ---
  duration_ms: 126.699417
  ...
# Subtest: exit restores a reliable block offset after source growth, with stable focus and text selection during material suspension
ok 249 - exit restores a reliable block offset after source growth, with stable focus and text selection during material suspension
  ---
  duration_ms: 159.969958
  ...
# Subtest: real public and UI entrances share versions, safe snapshots, no-op handling and retained DOM
ok 250 - real public and UI entrances share versions, safe snapshots, no-op handling and retained DOM
  ---
  duration_ms: 290.9225
  ...
# Subtest: 300-node content, presentation, raw and keyboard changes parse only changed bodies and preserve controls
ok 251 - 300-node content, presentation, raw and keyboard changes parse only changed bodies and preserve controls
  ---
  duration_ms: 1885.337167
  ...
# Subtest: compact row actions remain discoverable, source updates retain their focus, Escape closes locally and indent has a button path
ok 252 - compact row actions remain discoverable, source updates retain their focus, Escape closes locally and indent has a button path
  ---
  duration_ms: 92.139083
  ...
# Subtest: ordinary source title updates and focused counts reflect what is actually shown
ok 253 - ordinary source title updates and focused counts reflect what is actually shown
  ---
  duration_ms: 91.124667
  ...
# Subtest: bursts coalesce, changes during a slow read get a later batch and failures do not strand the queue
ok 254 - bursts coalesce, changes during a slow read get a later batch and failures do not strand the queue
  ---
  duration_ms: 217.876167
  ...
# Subtest: new scopes do not wait for old trees and late results cannot restore a disposed or switched view
ok 255 - new scopes do not wait for old trees and late results cannot restore a disposed or switched view
  ---
  duration_ms: 32.09475
  ...
# Subtest: draft polling does not read trees and a switched editor never applies a previous draft to another block
ok 256 - draft polling does not read trees and a switched editor never applies a previous draft to another block
  ---
  duration_ms: 217.893333
  ...
# Subtest: unknown topology events reconcile manual layout, retained and missing sources without losing item identity
ok 257 - unknown topology events reconcile manual layout, retained and missing sources without losing item identity
  ---
  duration_ms: 83.857417
  ...
# Subtest: pointer handlers use current UUID layout and preserve the reading anchor when an earlier body grows
ok 258 - pointer handlers use current UUID layout and preserve the reading anchor when an earlier body grows
  ---
  duration_ms: 86.52625
  ...
# Subtest: source changes hidden by a draft still invalidate a prior public version
ok 259 - source changes hidden by a draft still invalidate a prior public version
  ---
  duration_ms: 203.596208
  ...
# Subtest: captured Desktop body datoms accept property metadata and page timestamps but reject incomplete or structural events
ok 260 - captured Desktop body datoms accept property metadata and page timestamps but reject incomplete or structural events
  ---
  duration_ms: 1.442083
  ...
# Subtest: reading anchor follows current DOM order after manual layout rather than original cache insertion order
ok 261 - reading anchor follows current DOM order after manual layout rather than original cache insertion order
  ---
  duration_ms: 82.85075
  ...
# Subtest: reading anchor preserves browser scroll adjustment already applied during layout
ok 262 - reading anchor preserves browser scroll adjustment already applied during layout
  ---
  duration_ms: 83.825083
  ...
# Subtest: default body is a complete report even when the older personal structure was collapsed
ok 263 - default body is a complete report even when the older personal structure was collapsed
  ---
  duration_ms: 175.457666
  ...
# Subtest: materials mount uses the entire scope and body return retains mode, lens, selection and bookmark
ok 264 - materials mount uses the entire scope and body return retains mode, lens, selection and bookmark
  ---
  duration_ms: 73.298958
  ...
# Subtest: work menu retains focus on source updates and Escape closes locally without intercepting composition
ok 265 - work menu retains focus on source updates and Escape closes locally without intercepting composition
  ---
  duration_ms: 100.371041
  ...
# Subtest: first use has an actionable empty state and an explicit current-block action opens its nearest work
ok 266 - first use has an actionable empty state and an explicit current-block action opens its nearest work
  ---
  duration_ms: 46.779
  ...
# Subtest: a late source read cannot restore the previous work identity or its material scope
ok 267 - a late source read cannot restore the previous work identity or its material scope
  ---
  duration_ms: 22.625542
  ...
# Subtest: the keyboard entrance resolves a selected child to its real work, just like the work menu
ok 268 - the keyboard entrance resolves a selected child to its real work, just like the work menu
  ---
  duration_ms: 19.199875
  ...
# Subtest: native material context retains the current work for a child, resolves another work explicitly and discards a late ancestry read
ok 269 - native material context retains the current work for a child, resolves another work explicitly and discards a late ancestry read
  ---
  duration_ms: 41.914167
  ...
# Subtest: work-view shares formal identity without starting task UI and retains natural fallback after Graph switch
ok 270 - work-view shares formal identity without starting task UI and retains natural fallback after Graph switch
  ---
  duration_ms: 143.885875
  ...
# Subtest: combined panels preserve source text, load linked material and retain conflicting drafts across switches
ok 271 - combined panels preserve source text, load linked material and retain conflicting drafts across switches
  ---
  duration_ms: 198.50225
  ...
# Subtest: task panel preserves sibling modules and cannot mount after a later navigation
ok 272 - task panel preserves sibling modules and cannot mount after a later navigation
  ---
  duration_ms: 96.442459
  ...
# Subtest: composition root leaves runtime disabled while work and materials remain usable
ok 273 - composition root leaves runtime disabled while work and materials remain usable
  ---
  duration_ms: 103.210542
  ...
# Subtest: material references survive work-view and reading sanitization while executable and malformed URIs remain stripped
ok 274 - material references survive work-view and reading sanitization while executable and malformed URIs remain stripped
  ---
  duration_ms: 9.873875
  ...
# Subtest: real workspace installation and Materials UI share binding, survive restart/offline, refresh known notes and dispose without Kernel
ok 275 - real workspace installation and Materials UI share binding, survive restart/offline, refresh known notes and dispose without Kernel
  ---
  duration_ms: 433.987958
  ...
# Subtest: installed workspace, lenses, content, materials and stages loop: committed write, observation, copied identity rejection, moved materials, restart and revoked APIs
ok 276 - installed workspace, lenses, content, materials and stages loop: committed write, observation, copied identity rejection, moved materials, restart and revoked APIs
  ---
  duration_ms: 1013.522625
  ...
# Subtest: registered formalization, completion, Undo and normalization preserve affair/task spelling, multiline properties and block identity
ok 277 - registered formalization, completion, Undo and normalization preserve affair/task spelling, multiline properties and block identity
  ---
  duration_ms: 228.774958
  ...
# Subtest: online marker observer coalesces DONE for one block and ignores every other Graph change
ok 278 - online marker observer coalesces DONE for one block and ignores every other Graph change
  ---
  duration_ms: 11.57375
  ...
# Subtest: online marker observer ignores duplicate DONE events while the first completion is in flight
ok 279 - online marker observer ignores duplicate DONE events while the first completion is in flight
  ---
  duration_ms: 32.0445
  ...
# Subtest: real composition wiring: simulated list drop changes no source; report body drop uses committed membership and Journal; copying failure exposes selectable link
ok 280 - real composition wiring: simulated list drop changes no source; report body drop uses committed membership and Journal; copying failure exposes selectable link
  ---
  duration_ms: 414.166209
  ...
# Subtest: published report body mapping, MiniProject reference renames and immutable stage history compose through the existing executors
ok 281 - published report body mapping, MiniProject reference renames and immutable stage history compose through the existing executors
  ---
  duration_ms: 450.758708
  ...
# Subtest: list rename uses actual file IO and returns compact success; pending native input and stale report pixels do not invent a write target
ok 282 - list rename uses actual file IO and returns compact success; pending native input and stale report pixels do not invent a write target
  ---
  duration_ms: 293.418417
  ...
# Subtest: a work switch during real file registration retains the association but inserts no late source reference
ok 283 - a work switch during real file registration retains the association but inserts no late source reference
  ---
  duration_ms: 81.24075
  ...
# Subtest: copied reference proof survives panel navigation, observes a simulated committed native paste, and never writes source or consumes composition
ok 284 - copied reference proof survives panel navigation, observes a simulated committed native paste, and never writes source or consumes composition
  ---
  duration_ms: 675.154084
  ...
# Subtest: file names follow the real filename; rename preserves ID, bytes, extension and reference/input permission
ok 285 - file names follow the real filename; rename preserves ID, bytes, extension and reference/input permission
  ---
  duration_ms: 59.335625
  ...
# Subtest: no overwrite or path escape, Unicode names, case-only rename, duplicate drop and actor privileges stay separate
ok 286 - no overwrite or path escape, Unicode names, case-only rename, duplicate drop and actor privileges stay separate
  ---
  duration_ms: 85.369958
  ...
# Subtest: intent/record/rename failures preserve individually queryable facts; recovery never repeats a dispatched rename
ok 287 - intent/record/rename failures preserve individually queryable facts; recovery never repeats a dispatched rename
  ---
  duration_ms: 29.837417
  ...
# Subtest: no host identity means lost reply is unresolved; explicit relocation retains ID rather than claiming a same-content file
ok 288 - no host identity means lost reply is unresolved; explicit relocation retains ID rather than claiming a same-content file
  ---
  duration_ms: 30.646333
  ...
# Subtest: external rename uses system identity in the original directory; identical bytes never select the wrong file
ok 289 - external rename uses system identity in the original directory; identical bytes never select the wrong file
  ---
  duration_ms: 49.179333
  ...
# Subtest: busy material pauses rename/discovery; binary and old UUID captures keep their format and authority
ok 290 - busy material pauses rename/discovery; binary and old UUID captures keep their format and authority
  ---
  duration_ms: 53.881834
  ...
# Subtest: drag payload cannot cross scope or confer authority, and a File name alone never invents an original path
ok 291 - drag payload cannot cross scope or confer authority, and a File name alone never invents an original path
  ---
  duration_ms: 15.895792
  ...
# Subtest: versioned report drop uses actual child/Journals, repeated drops reuse identity; rename updates a generated reference and preserves history/alias
ok 292 - versioned report drop uses actual child/Journals, repeated drops reuse identity; rename updates a generated reference and preserves history/alias
  ---
  duration_ms: 111.136042
  ...
# Subtest: reference failures retain files, actual native editing/composition and stale structure/content reject source writes
ok 293 - reference failures retain files, actual native editing/composition and stale structure/content reject source writes
  ---
  duration_ms: 53.382459
  ...
# Subtest: two managed ranges in one committed block rename together; changed alias/range is never guessed from matching title
ok 294 - two managed ranges in one committed block rename together; changed alias/range is never guessed from matching title
  ---
  duration_ms: 112.840167
  ...
# Subtest: reply loss queries existing content Journal after reload and never duplicates imported file or source reference
ok 295 - reply loss queries existing content Journal after reload and never duplicates imported file or source reference
  ---
  duration_ms: 133.307875
  ...
# Subtest: metadata failure after physical rename leaves prepared evidence for reload recovery; denied IO never replays
ok 296 - metadata failure after physical rename leaves prepared evidence for reload recovery; denied IO never replays
  ---
  duration_ms: 41.893541
  ...
# Subtest: pending references do not freeze verified file renames or later external identity discovery
ok 297 - pending references do not freeze verified file renames or later external identity discovery
  ---
  duration_ms: 31.716417
  ...
# Subtest: verified material save refreshes physical identity before a later external rename
ok 298 - verified material save refreshes physical identity before a later external rename
  ---
  duration_ms: 16.799375
  ...
# Subtest: capture chooses flat Task, existing Project purpose directories and global fallback without moving old files
ok 299 - capture chooses flat Task, existing Project purpose directories and global fallback without moving old files
  ---
  duration_ms: 55.227042
  ...
# Subtest: unavailable explicit work directory retains input and never falls back to global
ok 300 - unavailable explicit work directory retains input and never falls back to global
  ---
  duration_ms: 4.11725
  ...
# Subtest: stable ID survives title changes, directory switches and multiple task associations without body copies
ok 301 - stable ID survives title changes, directory switches and multiple task associations without body copies
  ---
  duration_ms: 64.252291
  ...
# Subtest: same-title concurrent captures get readable distinct names and duplicate requests return the original versioned identity
ok 302 - same-title concurrent captures get readable distinct names and duplicate requests return the original versioned identity
  ---
  duration_ms: 63.622666
  ...
# Subtest: reference/input defaults deny writes; explicit user editing and whole-file agent grants are independent
ok 303 - reference/input defaults deny writes; explicit user editing and whole-file agent grants are independent
  ---
  duration_ms: 37.467791
  ...
# Subtest: missing material preserves associations and explicit relocation preserves identity, originals and history
ok 304 - missing material preserves associations and explicit relocation preserves identity, originals and history
  ---
  duration_ms: 20.694833
  ...
# Subtest: PDF association declares external-only capability and preserves binary bytes
ok 305 - PDF association declares external-only capability and preserves binary bytes
  ---
  duration_ms: 6.556792
  ...
# Subtest: legacy UUID records and longdoc references remain readable without metadata migration
ok 306 - legacy UUID records and longdoc references remain readable without metadata migration
  ---
  duration_ms: 6.651875
  ...
# Subtest: partial capture can resume with the same request after failure and never duplicates or overwrites an external edit
ok 307 - partial capture can resume with the same request after failure and never duplicates or overwrites an external edit
  ---
  duration_ms: 19.018458
  ...
# Subtest: directory bindings persist by Graph and source, and location hints rebuild solely from exact records
ok 308 - directory bindings persist by Graph and source, and location hints rebuild solely from exact records
  ---
  duration_ms: 10.224292
  ...
# Subtest: case-insensitive readable names preserve an existing file, pending resume refuses later external content, and whole-block recovery protects added text/properties
ok 309 - case-insensitive readable names preserve an existing file, pending resume refuses later external content, and whole-block recovery protects added text/properties
  ---
  duration_ms: 28.11225
  ...
# Subtest: independent material instances retain every capture without a shared catalog
ok 310 - independent material instances retain every capture without a shared catalog
  ---
  duration_ms: 119.558042
  ...
# Subtest: capture keeps exact original and restoring rejects duplicate or changed references
ok 311 - capture keeps exact original and restoring rejects duplicate or changed references
  ---
  duration_ms: 17.805791
  ...
# Subtest: associated Markdown remains at its original path and saves preserve history
ok 312 - associated Markdown remains at its original path and saves preserve history
  ---
  duration_ms: 11.405375
  ...
# Subtest: external edits and backup failures never overwrite a stale source
ok 313 - external edits and backup failures never overwrite a stale source
  ---
  duration_ms: 7.801834
  ...
# Subtest: external write during backup is detected, and silent IO failure is not a save
ok 314 - external write during backup is detected, and silent IO failure is not a save
  ---
  duration_ms: 10.775541
  ...
# Subtest: record reservation failures create no orphan body and invalid roots are refused
ok 315 - record reservation failures create no orphan body and invalid roots are refused
  ---
  duration_ms: 2.447042
  ...
# Subtest: long MiniProject and four real files: list joining, trusted report insertion, reading return, rename, alias, history and relocation
ok 316 - long MiniProject and four real files: list joining, trusted report insertion, reading return, rename, alias, history and relocation
  ---
  duration_ms: 1673.008958
  ...
# Subtest: summary is optional record metadata: search, clearing and file rename preserve content, links and permissions
ok 317 - summary is optional record metadata: search, clearing and file rename preserve content, links and permissions
  ---
  duration_ms: 216.867583
  ...
# Subtest: same-name conflict and permission failure retain the rename input and never overwrite another file
ok 318 - same-name conflict and permission failure retain the rename input and never overwrite another file
  ---
  duration_ms: 145.751458
  ...
# Subtest: file picker joins real host files while binary clicks open exact path and report application failure truthfully
ok 319 - file picker joins real host files while binary clicks open exact path and report application failure truthfully
  ---
  duration_ms: 101.767416
  ...
# Subtest: batch partial failure retains imported file without any Graph insertion; stale clipboard completion does not appear in another work
ok 320 - batch partial failure retains imported file without any Graph insertion; stale clipboard completion does not appear in another work
  ---
  duration_ms: 87.3225
  ...
# Subtest: failed report insertion keeps associated material and visible selectable fallback, never reimports on recovery
ok 321 - failed report insertion keeps associated material and visible selectable fallback, never reimports on recovery
  ---
  duration_ms: 181.884708
  ...
# Subtest: summary form refuses submission during composition and installed material listeners and styles dispose
ok 322 - summary form refuses submission during composition and installed material listeners and styles dispose
  ---
  duration_ms: 135.654625
  ...
# Subtest: finite leading marks distinguish facts from ordinary text, code, unknown marks and formal objects
ok 323 - finite leading marks distinguish facts from ordinary text, code, unknown marks and formal objects
  ---
  duration_ms: 1.029416
  ...
# Subtest: report grouping preserves ambiguous sibling adjacency, complete bodies, UUIDs, nested objects and original truth
ok 324 - report grouping preserves ambiguous sibling adjacency, complete bodies, UUIDs, nested objects and original truth
  ---
  duration_ms: 9.976583
  ...
# Subtest: report folds and personal order are presentation overlays; switching does not replace the personal tree
ok 325 - report folds and personal order are presentation overlays; switching does not replace the personal tree
  ---
  duration_ms: 5.151291
  ...
# Subtest: explicit body targets validate real source and parent versions, reject section keys, offsets, unknown authority and stale facts
ok 326 - explicit body targets validate real source and parent versions, reject section keys, offsets, unknown authority and stale facts
  ---
  duration_ms: 4.389375
  ...
# Subtest: runtime owns one worker and observer, repeated starts and stops are safe
ok 327 - runtime owns one worker and observer, repeated starts and stops are safe
  ---
  duration_ms: 298.374625
  ...
# Subtest: partial runtime startup failure cleans subscriptions and worker
ok 328 - partial runtime startup failure cleans subscriptions and worker
  ---
  duration_ms: 280.9255
  ...
# Subtest: Graph A delayed refresh cannot replace B; same UUID and anomalous index are Graph scoped
ok 329 - Graph A delayed refresh cannot replace B; same UUID and anomalous index are Graph scoped
  ---
  duration_ms: 24.404375
  ...
# Subtest: a bound adapter cannot write after Graph switch or unload
ok 330 - a bound adapter cannot write after Graph switch or unload
  ---
  duration_ms: 2.326209
  ...
# Subtest: overlapping self writes retain suppression until the last write settles and expires
ok 331 - overlapping self writes retain suppression until the last write settles and expires
  ---
  duration_ms: 2101.985875
  ...
# Subtest: descriptor parsing refreshes on private storage change and explicit reconnect
ok 332 - descriptor parsing refreshes on private storage change and explicit reconnect
  ---
  duration_ms: 0.280916
  ...
# Subtest: a delayed command read and a captured write stay invalid after switching away and back to the same Graph
ok 333 - a delayed command read and a captured write stay invalid after switching away and back to the same Graph
  ---
  duration_ms: 1.949542
  ...
# Subtest: journal read fallback stops between SDK calls when its Graph scope expires
ok 334 - journal read fallback stops between SDK calls when its Graph scope expires
  ---
  duration_ms: 1.607083
  ...
# plugin-runtime TypeError: Cannot read properties of undefined (reading 'settings')
#     at PluginRuntime.descriptor (/Users/wangrundong/.codex/worktrees/merge-native-editor-reading-main/任务管理中心-logseq插件/apps/logseq-plugin/src/plugin-runtime.ts:90:31)
#     at async Object.connection (/Users/wangrundong/.codex/worktrees/merge-native-editor-reading-main/任务管理中心-logseq插件/apps/logseq-plugin/src/plugin-runtime.ts:134:32)
#     at async tick (/Users/wangrundong/.codex/worktrees/merge-native-editor-reading-main/任务管理中心-logseq插件/apps/logseq-plugin/src/graph-gateway-worker.ts:62:21)
# plugin-runtime TypeError: Cannot read properties of undefined (reading 'settings')
#     at PluginRuntime.descriptor (/Users/wangrundong/.codex/worktrees/merge-native-editor-reading-main/任务管理中心-logseq插件/apps/logseq-plugin/src/plugin-runtime.ts:90:31)
#     at async PluginRuntime.client (/Users/wangrundong/.codex/worktrees/merge-native-editor-reading-main/任务管理中心-logseq插件/apps/logseq-plugin/src/plugin-runtime.ts:106:67)
#     at async <anonymous> (/Users/wangrundong/.codex/worktrees/merge-native-editor-reading-main/任务管理中心-logseq插件/apps/logseq-plugin/src/plugin-runtime.ts:187:33)
#     at async PluginRuntime.refreshIdentities (/Users/wangrundong/.codex/worktrees/merge-native-editor-reading-main/任务管理中心-logseq插件/apps/logseq-plugin/src/plugin-runtime.ts:199:11)
#     at async PluginRuntime.refreshQuietly (/Users/wangrundong/.codex/worktrees/merge-native-editor-reading-main/任务管理中心-logseq插件/apps/logseq-plugin/src/plugin-runtime.ts:179:11)
# Subtest: Graph events during startup invalidate the initial read before any shared identity is installed
ok 335 - Graph events during startup invalidate the initial read before any shared identity is installed
  ---
  duration_ms: 8.697958
  ...
# Subtest: explicit restart while a stopped initialization is pending starts one new set of resources
ok 336 - explicit restart while a stopped initialization is pending starts one new set of resources
  ---
  duration_ms: 0.381875
  ...
# Subtest: an absent Desktop FileStorage descriptor permits the settings fallback
ok 337 - an absent Desktop FileStorage descriptor permits the settings fallback
  ---
  duration_ms: 0.896834
  ...
# Subtest: existing descriptor content and modern null results are preserved
ok 338 - existing descriptor content and modern null results are preserved
  ---
  duration_ms: 0.294334
  ...
# Subtest: storage permission and transport errors fail closed
ok 339 - storage permission and transport errors fail closed
  ---
  duration_ms: 0.334875
  ...
# Subtest: zero-noise default renders no managed fields
ok 340 - zero-noise default renders no managed fields
  ---
  duration_ms: 0.66725
  ...
# Subtest: MiniProject WorkIntent renders only sparse label-independent fields
ok 341 - MiniProject WorkIntent renders only sparse label-independent fields
  ---
  duration_ms: 0.150125
  ...
# Subtest: focus, waiting, and review use stable identities and deterministic order
ok 342 - focus, waiting, and review use stable identities and deterministic order
  ---
  duration_ms: 0.245541
  ...
# Subtest: a domain-normalized midnight review date stays natural in Logseq
ok 343 - a domain-normalized midnight review date stays natural in Logseq
  ---
  duration_ms: 0.116875
  ...
# Subtest: completion is omitted when DONE and title already express the outcome
ok 344 - completion is omitted when DONE and title already express the outcome
  ---
  duration_ms: 0.138208
  ...
# Subtest: cancellation renders a non-empty reason and empty values are omitted
ok 345 - cancellation renders a non-empty reason and empty values are omitted
  ---
  duration_ms: 0.077458
  ...
# Subtest: GRAPH_APPLIED create compensation verifies absence without loading the deleted WorkObject
ok 346 - GRAPH_APPLIED create compensation verifies absence without loading the deleted WorkObject
  ---
  duration_ms: 0.394625
  ...
# Subtest: removal recovery fails closed without the registered projection identity
ok 347 - removal recovery fails closed without the registered projection identity
  ---
  duration_ms: 0.30125
  ...
# Subtest: every non-removal recovery still requires and reads its target projection
ok 348 - every non-removal recovery still requires and reads its target projection
  ---
  duration_ms: 0.308458
  ...
# Subtest: long fixture has 92 bodies, four levels, two affairs, a nested work, distinct aliases and at least 4000 Chinese characters
ok 349 - long fixture has 92 bodies, four levels, two affairs, a nested work, distinct aliases and at least 4000 Chinese characters
  ---
  duration_ms: 0.577458
  ...
# Subtest: ordinary explanatory trees keep exact child order; object subtrees remain contiguous and unknown siblings keep both neighbors
ok 350 - ordinary explanatory trees keep exact child order; object subtrees remain contiguous and unknown siblings keep both neighbors
  ---
  duration_ms: 16.026417
  ...
# Subtest: each long-form source has complete visible Markdown, correct raw version and stable material alias targets
ok 351 - each long-form source has complete visible Markdown, correct raw version and stable material alias targets
  ---
  duration_ms: 186.975792
  ...
# Subtest: coverage distinguishes explicit hidden ranges from unavailable sources and never invents fragments for missing text
ok 352 - coverage distinguishes explicit hidden ranges from unavailable sources and never invents fragments for missing text
  ---
  duration_ms: 25.047041
  ...
# Subtest: collaboration highlights retain literal identity examples in full current and historical reports; reading never opens an editor
ok 353 - collaboration highlights retain literal identity examples in full current and historical reports; reading never opens an editor
  ---
  duration_ms: 186.983625
  ...
# Subtest: sidebar width clamps to the supported 300-520 range
ok 354 - sidebar width clamps to the supported 300-520 range
  ---
  duration_ms: 0.342666
  ...
# Subtest: reading panel yields width before it yields the native editor
ok 355 - reading panel yields width before it yields the native editor
  ---
  duration_ms: 0.106042
  ...
# Subtest: persisted width parsing rejects malformed values and clamps outliers
ok 356 - persisted width parsing rejects malformed values and clamps outliers
  ---
  duration_ms: 0.055541
  ...
# Subtest: layout mode docks only when main content keeps a comfortable width
ok 357 - layout mode docks only when main content keeps a comfortable width
  ---
  duration_ms: 0.245917
  ...
# Subtest: reserved Logseq sidebars reduce the available main width
ok 358 - reserved Logseq sidebars reduce the available main width
  ---
  duration_ms: 0.098
  ...
# Subtest: docked geometry puts the panel against the reserved right edge without covering content
ok 359 - docked geometry puts the panel against the reserved right edge without covering content
  ---
  duration_ms: 0.399
  ...
# Subtest: compact geometry fills exactly the main area between reserved sidebars
ok 360 - compact geometry fills exactly the main area between reserved sidebars
  ---
  duration_ms: 0.29275
  ...
# Subtest: geometry survives degenerate inputs without negative rectangles
ok 361 - geometry survives degenerate inputs without negative rectangles
  ---
  duration_ms: 0.06425
  ...
# Subtest: main minimum width constant is explicit and non-zero
ok 362 - main minimum width constant is explicit and non-zero
  ---
  duration_ms: 0.11825
  ...
# Subtest: source observer coalesces bursts and only reports Primary Anchor blocks
ok 363 - source observer coalesces bursts and only reports Primary Anchor blocks
  ---
  duration_ms: 33.192834
  ...
# Subtest: system self-written source UUIDs are suppressed from semantic dirty
ok 364 - system self-written source UUIDs are suppressed from semantic dirty
  ---
  duration_ms: 31.075
  ...
# Subtest: pending observations belong to the event Graph and delayed batches stop at scope invalidation
ok 365 - pending observations belong to the event Graph and delayed batches stop at scope invalidation
  ---
  duration_ms: 49.038875
  ...
# Subtest: switch before the quiet window cannot relabel an old event as the new Graph
ok 366 - switch before the quiet window cannot relabel an old event as the new Graph
  ---
  duration_ms: 21.664375
  ...
# Subtest: graph mode uses the host capability when available
ok 367 - graph mode uses the host capability when available
  ---
  duration_ms: 0.983958
  ...
# Subtest: older Desktop hosts identify a file graph by its absolute path
ok 368 - older Desktop hosts identify a file graph by its absolute path
  ---
  duration_ms: 0.282334
  ...
# Subtest: graph-mode checker failures other than a missing host capability fail closed
ok 369 - graph-mode checker failures other than a missing host capability fail closed
  ---
  duration_ms: 0.218041
  ...
# Subtest: older hosts fail closed when graph mode is ambiguous
ok 370 - older hosts fail closed when graph mode is ambiguous
  ---
  duration_ms: 0.072291
  ...
# Subtest: file-graph formalization persists the native id without changing canonical natural content
ok 371 - file-graph formalization persists the native id without changing canonical natural content
  ---
  duration_ms: 0.473667
  ...
# Subtest: DB graph identity requires no textual property write
ok 372 - DB graph identity requires no textual property write
  ---
  duration_ms: 0.062959
  ...
# Subtest: file-graph formalization fails closed when the id property was not persisted
ok 373 - file-graph formalization fails closed when the id property was not persisted
  ---
  duration_ms: 0.071083
  ...
# Subtest: stage goal opens deliberately, IME Enter does not create a stage and Escape returns focus without changing history
ok 374 - stage goal opens deliberately, IME Enter does not create a stage and Escape returns focus without changing history
  ---
  duration_ms: 419.094041
  ...
# Subtest: clicking a changed body edits the full current authoritative source; composing input and unchanged nodes survive, local edit produces same-stage facts
ok 375 - clicking a changed body edits the full current authoritative source; composing input and unchanged nodes survive, local edit produces same-stage facts
  ---
  duration_ms: 224.428791
  ...
# Subtest: suggestion is a normal marked child in authoritative Graph; local shortcut accepts only seen revision and later native text stays independent
ok 376 - suggestion is a normal marked child in authoritative Graph; local shortcut accepts only seen revision and later native text stays independent
  ---
  duration_ms: 166.627834
  ...
# Subtest: historical view uses immutable saved text; correcting it reads present source and writes a new linked revision without changing old snapshots
ok 377 - historical view uses immutable saved text; correcting it reads present source and writes a new linked revision without changing old snapshots
  ---
  duration_ms: 107.006625
  ...
# Subtest: focused review discovers outside changes, show-all retains lens and anchor, return restores problem selection and stable rows
ok 378 - focused review discovers outside changes, show-all retains lens and anchor, return restores problem selection and stable rows
  ---
  duration_ms: 56.075417
  ...
# Subtest: report preserves stage show-all, immutable history and return to the existing lens
ok 379 - report preserves stage show-all, immutable history and return to the existing lens
  ---
  duration_ms: 44.052791
  ...
# Subtest: historical raw comparison shows saved text without carrying the current report version
ok 380 - historical raw comparison shows saved text without carrying the current report version
  ---
  duration_ms: 44.0245
  ...
# Subtest: review draft survives installer restart; it is explicit, rereads current text and never transfers to another stage
ok 381 - review draft survives installer restart; it is explicit, rereads current text and never transfers to another stage
  ---
  duration_ms: 104.390375
  ...
# Subtest: selecting an accepted historical revision updates its local acceptance affordance and keeps newer source independent
ok 382 - selecting an accepted historical revision updates its local acceptance affordance and keeps newer source independent
  ---
  duration_ms: 42.907166
  ...
# Subtest: later current edits cannot be mistaken for an unseen pending result; explicit submitted-version reading enables exact acceptance
ok 383 - later current edits cannot be mistaken for an unseen pending result; explicit submitted-version reading enables exact acceptance
  ---
  duration_ms: 50.483583
  ...
# Subtest: durable two-block write plus append forms one immutable revision; queries and repeated observations do not multiply it
ok 384 - durable two-block write plus append forms one immutable revision; queries and repeated observations do not multiply it
  ---
  duration_ms: 96.483292
  ...
# Subtest: acceptance freezes the seen revision even when a newer revision arrived; later native edits do not revoke it or open stages
ok 385 - acceptance freezes the seen revision even when a newer revision arrived; later native edits do not revoke it or open stages
  ---
  duration_ms: 156.489708
  ...
# Subtest: a new goal leaves old acceptance pending; explicit activation is required to continue an older stage
ok 386 - a new goal leaves old acceptance pending; explicit activation is required to continue an older stage
  ---
  duration_ms: 97.726958
  ...
# Subtest: partial/conflict and lost acknowledgements preserve actual meanings, proposed text never becomes confirmed stage output
ok 387 - partial/conflict and lost acknowledgements preserve actual meanings, proposed text never becomes confirmed stage output
  ---
  duration_ms: 130.133375
  ...
# Subtest: Journal success and failed stage persistence reconcile after restart without source replay
ok 388 - Journal success and failed stage persistence reconcile after restart without source replay
  ---
  duration_ms: 70.055625
  ...
# Subtest: expected revision competition retains a candidate, while the canonical result and acceptance remain immutable
ok 389 - expected revision competition retains a candidate, while the canonical result and acceptance remain immutable
  ---
  duration_ms: 45.200167
  ...
# Subtest: cross-process competing immutable children fail closed and keep both candidates
ok 390 - cross-process competing immutable children fail closed and keep both candidates
  ---
  duration_ms: 58.314375
  ...
# Subtest: scope revoke A/B/A and dispose reject late stage capture; no new-scope record appears
ok 391 - scope revoke A/B/A and dispose reject late stage capture; no new-scope record appears
  ---
  duration_ms: 29.032291
  ...
# Subtest: forged shapes, foreign facts and reused IDs cannot authorize or claim a stage
ok 392 - forged shapes, foreign facts and reused IDs cannot authorize or claim a stage
  ---
  duration_ms: 47.270375
  ...
# Subtest: registered material snapshots preserve old bytes independently, and binary records make no backup promise
ok 393 - registered material snapshots preserve old bytes independently, and binary records make no backup promise
  ---
  duration_ms: 21.829625
  ...
# Subtest: block identity, repeat text, removed blocks and long/complex Markdown use bounded honest diff
ok 394 - block identity, repeat text, removed blocks and long/complex Markdown use bounded honest diff
  ---
  duration_ms: 9.731541
  ...
# Subtest: persisted id metadata does not prevent a precise plain-text change marker or alter its version facts
ok 395 - persisted id metadata does not prevent a precise plain-text change marker or alter its version facts
  ---
  duration_ms: 8.294459
  ...
# Subtest: real installed local API writes through content and recovers idempotently, with no accept or actor capability
ok 396 - real installed local API writes through content and recovers idempotently, with no accept or actor capability
  ---
  duration_ms: 30.892
  ...
# Subtest: installed stage adapter retains real MaterialService versions and permissions using the formal unbound source provider
ok 397 - installed stage adapter retains real MaterialService versions and permissions using the formal unbound source provider
  ---
  duration_ms: 55.172042
  ...
# Subtest: torn metadata publication recovers verified prepared bytes; interrupted preparation is retained without changing stage or replaying content
ok 398 - torn metadata publication recovers verified prepared bytes; interrupted preparation is retained without changing stage or replaying content
  ---
  duration_ms: 16.946208
  ...
# Subtest: an observed new block from an unknown insertion can be corrected in the same stage without upgrading the unknown request
ok 399 - an observed new block from an unknown insertion can be corrected in the same stage without upgrading the unknown request
  ---
  duration_ms: 36.455334
  ...
# Subtest: same submit after an explicit identity recovery records the new fact version exactly once and never inserts the body again
ok 400 - same submit after an explicit identity recovery records the new fact version exactly once and never inserts the body again
  ---
  duration_ms: 44.574083
  ...
# Subtest: text prompt values are trimmed, bounded, and fail closed when empty
ok 401 - text prompt values are trimmed, bounded, and fail closed when empty
  ---
  duration_ms: 0.404916
  ...
# Subtest: source exchange versions hash complete UTF-8 text and real preorder, independently of capture time
ok 402 - source exchange versions hash complete UTF-8 text and real preorder, independently of capture time
  ---
  duration_ms: 9.3705
  ...
# Subtest: retained outside rows are not source members; unavailable snapshots carry no cached body/version
ok 403 - retained outside rows are not source members; unavailable snapshots carry no cached body/version
  ---
  duration_ms: 3.99625
  ...
# Subtest: provider validation rejects forged identities, incorrect hashes/structure and content disguised as unavailable
ok 404 - provider validation rejects forged identities, incorrect hashes/structure and content disguised as unavailable
  ---
  duration_ms: 4.007375
  ...
# Subtest: plan validation fails closed on schema, membership, scope, versions, precise ranges and arbitrary operations/styles
ok 405 - plan validation fails closed on schema, membership, scope, versions, precise ranges and arbitrary operations/styles
  ---
  duration_ms: 6.691417
  ...
# Subtest: composer selects separate structures, retains full conditions, temporarily expands ancestors and never changes layout/source
ok 406 - composer selects separate structures, retains full conditions, temporarily expands ancestors and never changes layout/source
  ---
  duration_ms: 2.711292
  ...
# Subtest: personal ancestry supplements real ancestry without replacing source hierarchy or reordering the personal view
ok 407 - personal ancestry supplements real ancestry without replacing source hierarchy or reordering the personal view
  ---
  duration_ms: 0.733959
  ...
# Subtest: basis changes are independent of display/draft versions and invalidate inference without replacing the selection
ok 408 - basis changes are independent of display/draft versions and invalidate inference without replacing the selection
  ---
  duration_ms: 1.356292
  ...
# Subtest: new requests replace selection, cancellations invalidate tickets, history is bounded and snapshots cannot mutate state
ok 409 - new requests replace selection, cancellations invalidate tickets, history is bounded and snapshots cannot mutate state
  ---
  duration_ms: 1.067084
  ...
# Subtest: view operations reject stale scopes, source sync and research writers
ok 410 - view operations reject stale scopes, source sync and research writers
  ---
  duration_ms: 0.747667
  ...
# Subtest: view layout cannot change membership, root or introduce invalid topology
ok 411 - view layout cannot change membership, root or introduce invalid topology
  ---
  duration_ms: 0.114209
  ...
# Subtest: accepted view operations preserve original input and adjust only presentation
ok 412 - accepted view operations preserve original input and adjust only presentation
  ---
  duration_ms: 0.174375
  ...
# Subtest: switching panels awaits draft preservation and closes exactly the previous module
ok 413 - switching panels awaits draft preservation and closes exactly the previous module
  ---
  duration_ms: 0.657667
  ...
# Subtest: saved scope namespaces distinguish Graph and root without separator collisions
ok 414 - saved scope namespaces distinguish Graph and root without separator collisions
  ---
  duration_ms: 0.073042
  ...
# Subtest: late task loads cannot revive a pane after a newer user navigation
ok 415 - late task loads cannot revive a pane after a newer user navigation
  ---
  duration_ms: 0.062291
  ...
# Subtest: a failed draft-preserving close remains visible to the caller and does not poison later navigation
ok 416 - a failed draft-preserving close remains visible to the caller and does not poison later navigation
  ---
  duration_ms: 0.254959
  ...
# Subtest: a released composition API cannot close a newly installed work view
ok 417 - a released composition API cannot close a newly installed work view
  ---
  duration_ms: 165.276166
  ...
# Subtest: all available natural-work capabilities install without a Kernel and drafts/layout cannot change committed versions
ok 418 - all available natural-work capabilities install without a Kernel and drafts/layout cannot change committed versions
  ---
  duration_ms: 55.333667
  ...
# Subtest: lenses can consume actual SDK snapshots rooted below a parent or at a later page sibling
ok 419 - lenses can consume actual SDK snapshots rooted below a parent or at a later page sibling
  ---
  duration_ms: 24.213875
  ...
# Subtest: actual nested-root provider supports descendant focus without including its outside parent
ok 420 - actual nested-root provider supports descendant focus without including its outside parent
  ---
  duration_ms: 83.099667
  ...
# Subtest: provider root compatibility still rejects cycles, negative order and invalid descendant topology with truthful hashes
ok 421 - provider root compatibility still rejects cycles, negative order and invalid descendant topology with truthful hashes
  ---
  duration_ms: 6.658875
  ...
# Subtest: panel lifecycle distinguishes temporary navigation from explicit close without moving feature state into the coordinator
ok 422 - panel lifecycle distinguishes temporary navigation from explicit close without moving feature state into the coordinator
  ---
  duration_ms: 0.631
  ...
# Subtest: source contract hashes full UTF-8 body, preserves preorder/order, maps every UTF-16 span and never persists IDs on read
ok 423 - source contract hashes full UTF-8 body, preserves preorder/order, maps every UTF-16 span and never persists IDs on read
  ---
  duration_ms: 16.01375
  ...
# Subtest: binding is idempotent, protects user entry/manifests, separates same names and Graphs, and explicitly creates directories
ok 424 - binding is idempotent, protects user entry/manifests, separates same names and Graphs, and explicitly creates directories
  ---
  duration_ms: 94.563
  ...
# Subtest: mechanical updates keep natural annotations, unchanged display/draft state does not publish a new body version, offline/restart preserves good mirrors
ok 425 - mechanical updates keep natural annotations, unchanged display/draft state does not publish a new body version, offline/restart preserves good mirrors
  ---
  duration_ms: 59.866542
  ...
# Subtest: mirror temporary write, readback and pointer failures retain the old verified publication, including recovery after current corruption
ok 426 - mirror temporary write, readback and pointer failures retain the old verified publication, including recovery after current corruption
  ---
  duration_ms: 92.702084
  ...
# Subtest: Graph change, unbind and directory rebind invalidate late reads and late file jobs without publishing to a new target
ok 427 - Graph change, unbind and directory rebind invalidate late reads and late file jobs without publishing to a new target
  ---
  duration_ms: 96.071208
  ...
# Subtest: moving the whole directory explicitly recovers identity, missing directory never writes to global, and unbind retains all records
ok 428 - moving the whole directory explicitly recovers identity, missing directory never writes to global, and unbind retains all records
  ---
  duration_ms: 19.86925
  ...
# Subtest: real MaterialService consumes the single binding, preserves legacy locations/fallback and exposes explicit block/page/material readings
ok 429 - real MaterialService consumes the single binding, preserves legacy locations/fallback and exposes explicit block/page/material readings
  ---
  duration_ms: 73.625459
  ...
# Subtest: source change during a read causes re-read instead of publishing an inconsistent observation
ok 430 - source change during a read causes re-read instead of publishing an inconsistent observation
  ---
  duration_ms: 30.680958
  ...
# Subtest: Desktop missing-parent shape is confirmed as absent, but an unreadable existing record fails closed
ok 431 - Desktop missing-parent shape is confirmed as absent, but an unreadable existing record fails closed
  ---
  duration_ms: 4.513541
  ...
# Subtest: external unavailable readings retain separately labeled old content across repeated refreshes and restart
ok 432 - external unavailable readings retain separately labeled old content across repeated refreshes and restart
  ---
  duration_ms: 37.817167
  ...
# Subtest: concurrent different sources cannot replace one directory identity; interrupted entry publication retries the saved manifest
ok 433 - concurrent different sources cannot replace one directory identity; interrupted entry publication retries the saved manifest
  ---
  duration_ms: 15.659834
  ...
# Subtest: shared live-source port works without a directory and expires on unbind without returning mirror bytes
ok 434 - shared live-source port works without a directory and expires on unbind without returning mirror bytes
  ---
  duration_ms: 21.669834
  ...
1..434
# tests 434
# suites 0
# pass 434
# fail 0
# cancelled 0
# skipped 0
# todo 0
# duration_ms 23794.487541

> @task-copilot/cli@0.2.0 test
> tsx --test tests/*.test.ts

TAP version 13
# Subtest: all reference commands support machine-readable output
ok 1 - all reference commands support machine-readable output
  ---
  duration_ms: 0.891042
  ...
# Subtest: unknown commands fail without touching a fallback database
ok 2 - unknown commands fail without touching a fallback database
  ---
  duration_ms: 0.148333
  ...
# Subtest: External Agent commands are JSON-first, non-interactive, and filter objects without a query DSL
ok 3 - External Agent commands are JSON-first, non-interactive, and filter objects without a query DSL
  ---
  duration_ms: 0.688708
  ...
# Subtest: CLI emits stable JSON errors and refuses non-waiting proposal apply
ok 4 - CLI emits stable JSON errors and refuses non-waiting proposal apply
  ---
  duration_ms: 0.092167
  ...
# Subtest: object filters fail closed instead of silently returning an empty list
ok 5 - object filters fail closed instead of silently returning an empty list
  ---
  duration_ms: 0.059375
  ...
# Subtest: backup create produces a manifest, schema, and integrity-passing SQLite snapshot
ok 6 - backup create produces a manifest, schema, and integrity-passing SQLite snapshot
  ---
  duration_ms: 13.852125
  ...
# Subtest: backup inspect rejects missing manifest, corrupt DB, schema mismatch, and future schema
ok 7 - backup inspect rejects missing manifest, corrupt DB, schema mismatch, and future schema
  ---
  duration_ms: 7.551333
  ...
# Subtest: restore validates and atomically replaces the current database while keeping the previous file and clearing runtime leases
ok 8 - restore validates and atomically replaces the current database while keeping the previous file and clearing runtime leases
  ---
  duration_ms: 10.312791
  ...
# Subtest: restore retains committed WAL data in the previous logical snapshot
ok 9 - restore retains committed WAL data in the previous logical snapshot
  ---
  duration_ms: 36.638208
  ...
# Subtest: service status recognizes stale descriptor and never reports a dead pid as running
ok 10 - service status recognizes stale descriptor and never reports a dead pid as running
  ---
  duration_ms: 2.197709
  ...
# Subtest: doctor reports integrity, foreign keys, schema, and stale service without printing secrets
ok 11 - doctor reports integrity, foreign keys, schema, and stale service without printing secrets
  ---
  duration_ms: 2.82975
  ...
# Subtest: bounded observations preserve valuable hidden files, material IDs, binary limits and actual body hashes
ok 12 - bounded observations preserve valuable hidden files, material IDs, binary limits and actual body hashes
  ---
  duration_ms: 10.731625
  ...
# Subtest: scan bounds and closed ignore config report omitted ranges; explicit sessions contain only real links
ok 13 - scan bounds and closed ignore config report omitted ranges; explicit sessions contain only real links
  ---
  duration_ms: 9.348625
  ...
# Subtest: metadata links and material write paths are rejected before reading or writing outside roots
ok 14 - metadata links and material write paths are rejected before reading or writing outside roots
  ---
  duration_ms: 2.2535
  ...
# Subtest: broker isolates clients, rejects forged commands and stale grants, and never redelivers an unknown result
ok 15 - broker isolates clients, rejects forged commands and stale grants, and never redelivers an unknown result
  ---
  duration_ms: 22.73775
  ...
# Subtest: real loopback server uses private separate capabilities, instance identity, host and browser-origin checks
ok 16 - real loopback server uses private separate capabilities, instance identity, host and browser-origin checks
  ---
  duration_ms: 28.377542
  ...
# Subtest: concurrent explicit session writes preserve both references and entry identity uses the Registry manifest
ok 17 - concurrent explicit session writes preserve both references and entry identity uses the Registry manifest
  ---
  duration_ms: 47.271458
  ...
1..17
# tests 17
# suites 0
# pass 17
# fail 0
# cancelled 0
# skipped 0
# todo 0
# duration_ms 235.261291

> @task-copilot/agent@0.2.0 test
> tsx --test tests/*.test.ts

TAP version 13
# Subtest: Fake Agent deterministically covers proposal, no-op, ambiguity, scope expansion, and waiting
ok 1 - Fake Agent deterministically covers proposal, no-op, ambiguity, scope expansion, and waiting
  ---
  duration_ms: 0.6575
  ...
# Subtest: MiniProject composite Skill and provisional Taste are immutable hashed packages with all restraint evals
ok 2 - MiniProject composite Skill and provisional Taste are immutable hashed packages with all restraint evals
  ---
  duration_ms: 2.783416
  ...
# Subtest: Fake Engagement Agent covers enter, leave, no-op, ambiguity, parking, and scope
ok 3 - Fake Engagement Agent covers enter, leave, no-op, ambiguity, parking, and scope
  ---
  duration_ms: 2.03775
  ...
# Subtest: versioned Engagement Skill eval cases execute every frozen semantic boundary
ok 4 - versioned Engagement Skill eval cases execute every frozen semantic boundary
  ---
  duration_ms: 0.742834
  ...
# Subtest: DeepSeek parsing is syntax-only extraction with no semantic repair
ok 5 - DeepSeek parsing is syntax-only extraction with no semantic repair
  ---
  duration_ms: 0.505833
  ...
# Subtest: Discovery judgment parser is strict, typed, and never fabricates missing fields
ok 6 - Discovery judgment parser is strict, typed, and never fabricates missing fields
  ---
  duration_ms: 0.190333
  ...
# Subtest: DeepSeek executor enforces profile fields and bounded retries without silent fallback
ok 7 - DeepSeek executor enforces profile fields and bounded retries without silent fallback
  ---
  duration_ms: 327.892458
  ...
# Subtest: DeepSeek discovery executor enforces profile gates and parses typed arrays
ok 8 - DeepSeek discovery executor enforces profile gates and parses typed arrays
  ---
  duration_ms: 10.649875
  ...
# Subtest: Discovery parser validates ATTACH_TO_CANDIDATE and maturity gates
ok 9 - Discovery parser validates ATTACH_TO_CANDIDATE and maturity gates
  ---
  duration_ms: 0.500834
  ...
# Subtest: conversation reasoning profiles split fast and deep budgets without changing authority semantics
ok 10 - conversation reasoning profiles split fast and deep budgets without changing authority semantics
  ---
  duration_ms: 0.25175
  ...
# Subtest: closure semantic parser is strict and never repairs missing or invalid fields
ok 11 - closure semantic parser is strict and never repairs missing or invalid fields
  ---
  duration_ms: 0.363667
  ...
1..11
# tests 11
# suites 0
# pass 11
# fail 0
# cancelled 0
# skipped 0
# todo 0
# duration_ms 455.948333

> @task-copilot/client@0.2.0 test
> tsx --test tests/*.test.ts

TAP version 13
# Subtest: client sends the capability token but has no database path or database API
ok 1 - client sends the capability token but has no database path or database API
  ---
  duration_ms: 8.161041
  ...
# Subtest: the CLI descriptor parser drops Graph capabilities while the Plugin parser requires them
ok 2 - the CLI descriptor parser drops Graph capabilities while the Plugin parser requires them
  ---
  duration_ms: 0.282584
  ...
# Subtest: descriptor parsing rejects deceptive non-loopback URLs before a bearer can be sent
ok 3 - descriptor parsing rejects deceptive non-loopback URLs before a bearer can be sent
  ---
  duration_ms: 0.086625
  ...
1..3
# tests 3
# suites 0
# pass 3
# fail 0
# cancelled 0
# skipped 0
# todo 0
# duration_ms 106.134

> @task-copilot/contracts@0.2.0 test
> tsx --test tests/*.test.ts

TAP version 13
# Subtest: CREATE_WORK_OBJECT is a closed semantic command with an exact Graph precondition
ok 1 - CREATE_WORK_OBJECT is a closed semantic command with an exact Graph precondition
  ---
  duration_ms: 0.827166
  ...
# Subtest: the operation registry rejects generic writes and caller-selected database details
ok 2 - the operation registry rejects generic writes and caller-selected database details
  ---
  duration_ms: 0.20625
  ...
# Subtest: stableHash is portable and order-independent for object keys
ok 3 - stableHash is portable and order-independent for object keys
  ---
  duration_ms: 0.131667
  ...
# Subtest: SET_CURRENT_FOCUS is closed, atomic, and separates strong Evidence from projection hashes
ok 4 - SET_CURRENT_FOCUS is closed, atomic, and separates strong Evidence from projection hashes
  ---
  duration_ms: 0.188375
  ...
# Subtest: UPDATE_WORK_INTENT is closed, sparse, and Evidence-bound
ok 5 - UPDATE_WORK_INTENT is closed, sparse, and Evidence-bound
  ---
  duration_ms: 0.124167
  ...
# Subtest: MiniProject governance result asks one question or emits one narrow change
ok 6 - MiniProject governance result asks one question or emits one narrow change
  ---
  duration_ms: 0.166875
  ...
# Subtest: Agent current-focus results are a closed runtime contract
ok 7 - Agent current-focus results are a closed runtime contract
  ---
  duration_ms: 0.108125
  ...
# Subtest: CHANGE_ENGAGEMENT is one closed atomic Waiting transition
ok 8 - CHANGE_ENGAGEMENT is one closed atomic Waiting transition
  ---
  duration_ms: 0.172541
  ...
# Subtest: Agent Engagement results reject PARKED and half transitions
ok 9 - Agent Engagement results reject PARKED and half transitions
  ---
  duration_ms: 0.161542
  ...
# Subtest: Task Closure operations are closed semantic commands without generic lifecycle setters
ok 10 - Task Closure operations are closed semantic commands without generic lifecycle setters
  ---
  duration_ms: 0.238458
  ...
1..10
# tests 10
# suites 0
# pass 10
# fail 0
# cancelled 0
# skipped 0
# todo 0
# duration_ms 111.55325

> @task-copilot/domain@0.2.0 test
> tsx --test tests/*.test.ts

TAP version 13
# Subtest: MiniProject WorkIntent stays sparse, bounded, and versioned
ok 1 - MiniProject WorkIntent stays sparse, bounded, and versioned
  ---
  duration_ms: 1.353791
  ...
# Subtest: CREATE_WORK_OBJECT starts one stable open work object without coupling identity to its anchor
ok 2 - CREATE_WORK_OBJECT starts one stable open work object without coupling identity to its anchor
  ---
  duration_ms: 0.084125
  ...
# Subtest: SET_CURRENT_FOCUS is nullable, short, normalized, and versioned
ok 3 - SET_CURRENT_FOCUS is nullable, short, normalized, and versioned
  ---
  duration_ms: 0.111
  ...
# Subtest: CHANGE_ENGAGEMENT atomically creates and clears the current WaitingCondition
ok 4 - CHANGE_ENGAGEMENT atomically creates and clears the current WaitingCondition
  ---
  duration_ms: 0.128791
  ...
# Subtest: Domain rejects half waiting state, unsupported transitions, and stale from/version
ok 5 - Domain rejects half waiting state, unsupported transitions, and stale from/version
  ---
  duration_ms: 0.136042
  ...
# Subtest: compensation restores the exact prior WaitingCondition instead of regenerating since
ok 6 - compensation restores the exact prior WaitingCondition instead of regenerating since
  ---
  duration_ms: 0.111208
  ...
# Subtest: PrimaryOwnership permits only one shallow Project -> MiniProject -> Task tree
ok 7 - PrimaryOwnership permits only one shallow Project -> MiniProject -> Task tree
  ---
  duration_ms: 0.123292
  ...
# Subtest: PrimaryOwnership rejects self, Project nesting, a second owner, cycles, and excess depth
ok 8 - PrimaryOwnership rejects self, Project nesting, a second owner, cycles, and excess depth
  ---
  duration_ms: 0.159709
  ...
# Subtest: RENAME_WORK_OBJECT requires the current version and preserves lifecycle identity
ok 9 - RENAME_WORK_OBJECT requires the current version and preserves lifecycle identity
  ---
  duration_ms: 0.105375
  ...
# Subtest: work object validation rejects unsupported kinds, empty titles, and ended engagement
ok 10 - work object validation rejects unsupported kinds, empty titles, and ended engagement
  ---
  duration_ms: 0.135125
  ...
# Subtest: user completion closes one Task with a minimal immutable record and clears open-only state
ok 11 - user completion closes one Task with a minimal immutable record and clears open-only state
  ---
  duration_ms: 0.132875
  ...
# Subtest: cancellation, reopen, and amendment preserve closure history
ok 12 - cancellation, reopen, and amendment preserve closure history
  ---
  duration_ms: 0.239291
  ...
# Subtest: completion of a WAITING Task clears open state and compensation restores it exactly
ok 13 - completion of a WAITING Task clears open state and compensation restores it exactly
  ---
  duration_ms: 0.082
  ...
# Subtest: ProjectIntent is sparse, revision-bound, and never generates more than five KRs
ok 14 - ProjectIntent is sparse, revision-bound, and never generates more than five KRs
  ---
  duration_ms: 0.204625
  ...
1..14
# tests 14
# suites 0
# pass 14
# fail 0
# cancelled 0
# skipped 0
# todo 0
# duration_ms 99.106708

> @task-copilot/kernel@0.2.0 test
> tsx --test tests/*.test.ts

TAP version 13
# Subtest: formal CREATE Undo removes current state and preserves evidence, governance and obligation history
ok 1 - formal CREATE Undo removes current state and preserves evidence, governance and obligation history
  ---
  duration_ms: 27.235167
  ...
# Subtest: formal CREATE Undo rejects changed natural source and newer formal state
ok 2 - formal CREATE Undo rejects changed natural source and newer formal state
  ---
  duration_ms: 18.403958
  ...
# Subtest: formal SET_CURRENT_FOCUS acceptance and Undo audit are atomic, exactly once, independent of delivery
ok 3 - formal SET_CURRENT_FOCUS acceptance and Undo audit are atomic, exactly once, independent of delivery
  ---
  duration_ms: 21.124875
  ...
# Subtest: formal CHANGE_ENGAGEMENT acceptance and Undo audit are atomic, exactly once, independent of delivery
ok 4 - formal CHANGE_ENGAGEMENT acceptance and Undo audit are atomic, exactly once, independent of delivery
  ---
  duration_ms: 20.493875
  ...
# Subtest: formal receipt survives a lost response without a second commit or obligation
ok 5 - formal receipt survives a lost response without a second commit or obligation
  ---
  duration_ms: 17.364416
  ...
# Subtest: USER decision execution is atomic with its formal receipt, package and candidates and can be retried by decision ID
ok 6 - USER decision execution is atomic with its formal receipt, package and candidates and can be retried by decision ID
  ---
  duration_ms: 19.304792
  ...
# Subtest: governed UPDATE_WORK_INTENT commits, verifies, and Undo restores sparse intent
ok 7 - governed UPDATE_WORK_INTENT commits, verifies, and Undo restores sparse intent
  ---
  duration_ms: 31.623125
  ...
# Subtest: CREATE_WORK_OBJECT reaches success only after exact Graph verification
ok 8 - CREATE_WORK_OBJECT reaches success only after exact Graph verification
  ---
  duration_ms: 16.227875
  ...
# Subtest: a source hash mismatch fails closed and records RECOVERY_REQUIRED without current-state writes
ok 9 - a source hash mismatch fails closed and records RECOVERY_REQUIRED without current-state writes
  ---
  duration_ms: 16.28475
  ...
# Subtest: crashes after durable stages are discoverable with explicit recovery actions
ok 10 - crashes after durable stages are discoverable with explicit recovery actions
  ---
  duration_ms: 32.018333
  ...
# Subtest: a crash after GRAPH_APPLIED is durable and restarts at verification
ok 11 - a crash after GRAPH_APPLIED is durable and restarts at verification
  ---
  duration_ms: 16.143208
  ...
# Subtest: Undo is a compensation commit and refuses to delete a user-edited managed projection
ok 12 - Undo is a compensation commit and refuses to delete a user-edited managed projection
  ---
  duration_ms: 17.382167
  ...
# Subtest: a GRAPH_APPLIED create compensation recovers after its WorkObject is already deleted
ok 13 - a GRAPH_APPLIED create compensation recovers after its WorkObject is already deleted
  ---
  duration_ms: 16.620375
  ...
# Subtest: RENAME_WORK_OBJECT and its Undo are executable compensation commits with monotonic versions
ok 14 - RENAME_WORK_OBJECT and its Undo are executable compensation commits with monotonic versions
  ---
  duration_ms: 17.594083
  ...
# Subtest: write authorization is bound to the configured local USER identity
ok 15 - write authorization is bound to the configured local USER identity
  ---
  duration_ms: 15.309209
  ...
# Subtest: generic preparation rejects every Agent operation, including rename and undo entry
ok 16 - generic preparation rejects every Agent operation, including rename and undo entry
  ---
  duration_ms: 15.397625
  ...
# Subtest: parseUserCorrectionUtterance maps natural language to governed operations
ok 17 - parseUserCorrectionUtterance maps natural language to governed operations
  ---
  duration_ms: 1.749041
  ...
# Subtest: applyUserRealityCorrection creates a USER decision and fixes Formal Memory
ok 18 - applyUserRealityCorrection creates a USER decision and fixes Formal Memory
  ---
  duration_ms: 26.567375
  ...
# Subtest: applyUserRealityCorrection rejects unsupported utterances without mutating
ok 19 - applyUserRealityCorrection rejects unsupported utterances without mutating
  ---
  duration_ms: 16.989542
  ...
1..19
# tests 19
# suites 0
# pass 19
# fail 0
# cancelled 0
# skipped 0
# todo 0
# duration_ms 330.08775

> @task-copilot/sqlite@0.2.0 test
> tsx --test tests/*.test.ts

TAP version 13
# Subtest: v22 history migration preserves every row and audit FK while allowing current-state deletion
ok 1 - v22 history migration preserves every row and audit FK while allowing current-state deletion
  ---
  duration_ms: 46.41525
  ...
# Subtest: failed v23 migration rolls back DDL, data and version together and closes its connection
ok 2 - failed v23 migration rolls back DDL, data and version together and closes its connection
  ---
  duration_ms: 58.490834
  ...
# Subtest: schema v16 migrates to v23 without data loss
ok 3 - schema v16 migrates to v23 without data loss
  ---
  duration_ms: 59.381708
  ...
# Subtest: schema v17 migrates to v23 without data loss
ok 4 - schema v17 migrates to v23 without data loss
  ---
  duration_ms: 55.407625
  ...
# Subtest: schema v18 migrates to v23 without data loss
ok 5 - schema v18 migrates to v23 without data loss
  ---
  duration_ms: 50.787666
  ...
# Subtest: schema v19 migrates to v23 without data loss
ok 6 - schema v19 migrates to v23 without data loss
  ---
  duration_ms: 59.33925
  ...
# Subtest: schema v20 migrates to v23 without data loss
ok 7 - schema v20 migrates to v23 without data loss
  ---
  duration_ms: 50.938417
  ...
# Subtest: schema v21 migrates to v23 without data loss
ok 8 - schema v21 migrates to v23 without data loss
  ---
  duration_ms: 48.818458
  ...
# Subtest: future schema fails closed before any runtime migration or writer starts
ok 9 - future schema fails closed before any runtime migration or writer starts
  ---
  duration_ms: 1.693333
  ...
# Subtest: malformed database fails closed
ok 10 - malformed database fails closed
  ---
  duration_ms: 1.091125
  ...
# Subtest: vNext schema stores normalized current state without embedding an anchor in WorkObject
ok 11 - vNext schema stores normalized current state without embedding an anchor in WorkObject
  ---
  duration_ms: 21.92425
  ...
# Subtest: the structured ledger is append-only and exposes incomplete commits for recovery
ok 12 - the structured ledger is append-only and exposes incomplete commits for recovery
  ---
  duration_ms: 16.612708
  ...
# Subtest: schema v3 backfills deterministic Phase 3 focus and Phase 4 waiting UUIDs
ok 13 - schema v3 backfills deterministic Phase 3 focus and Phase 4 waiting UUIDs
  ---
  duration_ms: 33.998542
  ...
# Subtest: schema v4 keeps immutable Closure records and resolves only the current effective closure
ok 14 - schema v4 keeps immutable Closure records and resolves only the current effective closure
  ---
  duration_ms: 17.880792
  ...
1..14
# tests 14
# suites 0
# pass 14
# fail 0
# cancelled 0
# skipped 0
# todo 0
# duration_ms 456.811458

> @task-copilot/test-support@0.2.0 test
> tsx --test tests/*.test.ts

TAP version 13
# Subtest: correction is not immediately overridden by a replay of the same old context
ok 1 - correction is not immediately overridden by a replay of the same old context
  ---
  duration_ms: 2653.992458
  ...
# Subtest: natural Logseq record -> explicit formalize -> audit -> safe compensation Undo
ok 2 - natural Logseq record -> explicit formalize -> audit -> safe compensation Undo
  ---
  duration_ms: 229.932167
  ...
# Subtest: Graph adapter throw never becomes client-visible success and remains recoverable after restart
ok 3 - Graph adapter throw never becomes client-visible success and remains recoverable after restart
  ---
  duration_ms: 128.075541
  ...
# Subtest: context associations are durable, dedupe, support correction memory, and never write Graph
ok 4 - context associations are durable, dedupe, support correction memory, and never write Graph
  ---
  duration_ms: 259.281417
  ...
# Subtest: governance issues dedupe per dimension/snapshot and retain resolved history
ok 5 - governance issues dedupe per dimension/snapshot and retain resolved history
  ---
  duration_ms: 119.985708
  ...
# Subtest: reconcile conflict: coverage clears, one evidence is frozen, and a dimension issue persists
ok 6 - reconcile conflict: coverage clears, one evidence is frozen, and a dimension issue persists
  ---
  duration_ms: 1194.256334
  ...
# Subtest: governance issue resolution is causal and dimension-checked
ok 7 - governance issue resolution is causal and dimension-checked
  ---
  duration_ms: 2100.272708
  ...
# Subtest: ExecutionProfile gates data scope, caps total context items, and truncates input characters
ok 8 - ExecutionProfile gates data scope, caps total context items, and truncates input characters
  ---
  duration_ms: 2085.276291
  ...
# Subtest: governance issue identity uses stable source refs, not pack handles or wording
ok 9 - governance issue identity uses stable source refs, not pack handles or wording
  ---
  duration_ms: 3084.075167
  ...
# Subtest: unique Decision Package + natural-language acceptance becomes an immutable USER decision and a formal USER commit
ok 10 - unique Decision Package + natural-language acceptance becomes an immutable USER decision and a formal USER commit
  ---
  duration_ms: 252.695709
  ...
# Subtest: short acknowledgements are exact-match only and never prefix-authorized
ok 11 - short acknowledgements are exact-match only and never prefix-authorized
  ---
  duration_ms: 225.207834
  ...
# Subtest: External Agent client cannot create trusted user events; trusted events are replay-safe
ok 12 - External Agent client cannot create trusted user events; trusted events are replay-safe
  ---
  duration_ms: 72.326041
  ...
# Subtest: package presentation revision mismatch makes an old user response stale
ok 13 - package presentation revision mismatch makes an old user response stale
  ---
  duration_ms: 78.930709
  ...
# Subtest: quoted speaker text is not USER authorization; ambiguity and staleness fail closed
ok 14 - quoted speaker text is not USER authorization; ambiguity and staleness fail closed
  ---
  duration_ms: 120.034666
  ...
# Subtest: coverage is honest: capped scopes are PARTIAL with continuation and no silent skip
ok 15 - coverage is honest: capped scopes are PARTIAL with continuation and no silent skip
  ---
  duration_ms: 339.189875
  ...
# Subtest: candidate continuity: new material attaches to an OPEN candidate and KEEP_OBSERVING does not package
ok 16 - candidate continuity: new material attaches to an OPEN candidate and KEEP_OBSERVING does not package
  ---
  duration_ms: 125.721792
  ...
# Subtest: maturity gate and minimal evidence: READY packages carry supporting evidence
ok 17 - maturity gate and minimal evidence: READY packages carry supporting evidence
  ---
  duration_ms: 116.758667
  ...
# Subtest: invalid ATTACH_TO_CANDIDATE and unchanged rerun are honest without remote rework
ok 18 - invalid ATTACH_TO_CANDIDATE and unchanged rerun are honest without remote rework
  ---
  duration_ms: 84.511708
  ...
# Subtest: wrong ATTACH_TO_CANDIDATE id fails closed without inventing a candidate
ok 19 - wrong ATTACH_TO_CANDIDATE id fails closed without inventing a candidate
  ---
  duration_ms: 84.101583
  ...
# Subtest: candidate revision invalidates an old package after source absorption
ok 20 - candidate revision invalidates an old package after source absorption
  ---
  duration_ms: 131.346834
  ...
# Subtest: READY without explicit supporting evidence is downgraded to KEEP_OBSERVING
ok 21 - READY without explicit supporting evidence is downgraded to KEEP_OBSERVING
  ---
  duration_ms: 91.068667
  ...
# Subtest: bounded Discovery is existing-object-first and suppresses ordinary material by default
ok 22 - bounded Discovery is existing-object-first and suppresses ordinary material by default
  ---
  duration_ms: 221.589041
  ...
# Subtest: duplicate discovery runs merge candidates and maturing them creates one CREATE package
ok 23 - duplicate discovery runs merge candidates and maturing them creates one CREATE package
  ---
  duration_ms: 146.920792
  ...
# Subtest: organize today matures a candidate and trusted USER 纳入 executes CREATE end to end
ok 24 - organize today matures a candidate and trusted USER 纳入 executes CREATE end to end
  ---
  duration_ms: 1082.361458
  ...
# Subtest: invalid existing target and prompt-injection text never fabricate writes
ok 25 - invalid existing target and prompt-injection text never fabricate writes
  ---
  duration_ms: 161.700125
  ...
# Subtest: stale candidate source rejects old 纳入 and creates nothing
ok 26 - stale candidate source rejects old 纳入 and creates nothing
  ---
  duration_ms: 100.818875
  ...
# Subtest: organize today is an explicit one-off that respects global pause
ok 27 - organize today is an explicit one-off that respects global pause
  ---
  duration_ms: 134.76025
  ...
# Subtest: Graph offline discovery returns a failed run and does not fabricate results
ok 28 - Graph offline discovery returns a failed run and does not fabricate results
  ---
  duration_ms: 88.449625
  ...
# Subtest: presented owner boundary is applied by trusted CREATE and candidate absorption is traceable
ok 29 - presented owner boundary is applied by trusted CREATE and candidate absorption is traceable
  ---
  duration_ms: 123.332125
  ...
# Subtest: discovery candidates and run receipts survive Kernel restart
ok 30 - discovery candidates and run receipts survive Kernel restart
  ---
  duration_ms: 95.924375
  ...
# Subtest: unattended runtime defers remote work by budget instead of failing or bursting
ok 31 - unattended runtime defers remote work by budget instead of failing or bursting
  ---
  duration_ms: 291.071958
  ...
# Subtest: Project semantic revision refreshes queued maintenance instead of running stale cognition
ok 32 - Project semantic revision refreshes queued maintenance instead of running stale cognition
  ---
  duration_ms: 117.003875
  ...
# Subtest: runtime health reports PAUSED and DEGRADED and recovers only after real success
ok 33 - runtime health reports PAUSED and DEGRADED and recovers only after real success
  ---
  duration_ms: 143.669916
  ...
# Subtest: single kernel instance lease rejects a second active runtime and recovers after close
ok 34 - single kernel instance lease rejects a second active runtime and recovers after close
  ---
  duration_ms: 95.161834
  ...
# Subtest: stale runtime lease is recoverable after crash-like abandonment
ok 35 - stale runtime lease is recoverable after crash-like abandonment
  ---
  duration_ms: 77.588166
  ...
# Subtest: a RUNNING reconcile job is superseded safely by a newer source generation
ok 36 - a RUNNING reconcile job is superseded safely by a newer source generation
  ---
  duration_ms: 118.331417
  ...
# Subtest: graph-offline attempt does not consume remote budget
ok 37 - graph-offline attempt does not consume remote budget
  ---
  duration_ms: 114.694167
  ...
# Subtest: MiniProject readiness never uses evidence count; irrelevant evidence stays UNKNOWN and only attributed evidence reaches READY
ok 38 - MiniProject readiness never uses evidence count; irrelevant evidence stays UNKNOWN and only attributed evidence reaches READY
  ---
  duration_ms: 383.023625
  ...
# Subtest: Project readiness requires semantically supported KRs and a supported Objective; completion stays USER-only
ok 39 - Project readiness requires semantically supported KRs and a supported Objective; completion stays USER-only
  ---
  duration_ms: 123.088083
  ...
# Subtest: stale closure package fails closed when a child reopens before execution
ok 40 - stale closure package fails closed when a child reopens before execution
  ---
  duration_ms: 112.433458
  ...
# Subtest: deterministic gate blocks without any assessor call and Object GET never waits
ok 41 - deterministic gate blocks without any assessor call and Object GET never waits
  ---
  duration_ms: 195.961416
  ...
# Subtest: background closure job converges; RUNNING result is superseded by newer evidence instead of becoming current
ok 42 - background closure job converges; RUNNING result is superseded by newer evidence instead of becoming current
  ---
  duration_ms: 140.456542
  ...
# Subtest: host never repairs model output: empty support is UNKNOWN and invalid evidence reference fails the job
ok 43 - host never repairs model output: empty support is UNKNOWN and invalid evidence reference fails the job
  ---
  duration_ms: 79.292083
  ...
# Subtest: contradictory semantic result becomes CONFLICT and is never presented as ready
ok 44 - contradictory semantic result becomes CONFLICT and is never presented as ready
  ---
  duration_ms: 97.218958
  ...
# Subtest: OPEN closure package is proactively STALE after child reopen or new evidence
ok 45 - OPEN closure package is proactively STALE after child reopen or new evidence
  ---
  duration_ms: 89.967208
  ...
# Subtest: closure budget defers secondary assessments without consuming attempts or touching formal state
ok 46 - closure budget defers secondary assessments without consuming attempts or touching formal state
  ---
  duration_ms: 94.430375
  ...
# Subtest: READY surfaces once in Now and stops repeating after the user opens the object
ok 47 - READY surfaces once in Now and stops repeating after the user opens the object
  ---
  duration_ms: 115.546709
  ...
# Subtest: Now projection is selective, Confirmation is sparse, WorkMap and System derive from Kernel
ok 48 - Now projection is selective, Confirmation is sparse, WorkMap and System derive from Kernel
  ---
  duration_ms: 220.954708
  ...
# Subtest: Object Context Pack gives bounded re-entry reality for an object
ok 49 - Object Context Pack gives bounded re-entry reality for an object
  ---
  duration_ms: 122.449791
  ...
# Subtest: Object conversation path: re-entry context, low-risk agent apply, USER boundary handoff
ok 50 - Object conversation path: re-entry context, low-risk agent apply, USER boundary handoff
  ---
  duration_ms: 142.123792
  ...
# Subtest: Cognitive baseline: Now changes are relative to the last time the user actually opened the object
ok 51 - Cognitive baseline: Now changes are relative to the last time the user actually opened the object
  ---
  duration_ms: 189.6075
  ...
# Subtest: Quiet WAITING and a bare currentFocus do not occupy Now
ok 52 - Quiet WAITING and a bare currentFocus do not occupy Now
  ---
  duration_ms: 93.782084
  ...
# Subtest: Pending Decision and Now are separate surfaces; a package-only object does not double-bomb
ok 53 - Pending Decision and Now are separate surfaces; a package-only object does not double-bomb
  ---
  duration_ms: 73.136959
  ...
# Subtest: USER-actor Formal mutation requires the Plugin trusted channel; a bare bearer token is not USER authority
ok 54 - USER-actor Formal mutation requires the Plugin trusted channel; a bare bearer token is not USER authority
  ---
  duration_ms: 207.520333
  ...
# Subtest: Ownership mutation has no production route and only executes through a trusted USER decision
ok 55 - Ownership mutation has no production route and only executes through a trusted USER decision
  ---
  duration_ms: 100.991708
  ...
# Subtest: WorkIntent Agent proposals package for USER authorization instead of applying directly
ok 56 - WorkIntent Agent proposals package for USER authorization instead of applying directly
  ---
  duration_ms: 130.76525
  ...
# Subtest: ProjectIntent is a USER-owned commitment executed only through a trusted package
ok 57 - ProjectIntent is a USER-owned commitment executed only through a trusted package
  ---
  duration_ms: 174.117875
  ...
# Subtest: ProjectIntent revision and stale project version fail closed
ok 58 - ProjectIntent revision and stale project version fail closed
  ---
  duration_ms: 149.953417
  ...
# Subtest: bare bearer cannot invent a USER ProjectIntent commit
ok 59 - bare bearer cannot invent a USER ProjectIntent commit
  ---
  duration_ms: 167.475708
  ...
# Subtest: Fake Agent vertical slice freezes Evidence, auto-applies one LOW proposal, and Undo restores focus with feedback
ok 60 - Fake Agent vertical slice freezes Evidence, auto-applies one LOW proposal, and Undo restores focus with feedback
  ---
  duration_ms: 191.228792
  ...
# Subtest: NO_PROPOSAL is durable and creates no Proposal, Commit, or Graph mutation
ok 61 - NO_PROPOSAL is durable and creates no Proposal, Commit, or Graph mutation
  ---
  duration_ms: 187.360416
  ...
# Subtest: Freeze accepts only proof-bound material read by the trusted Graph Adapter
ok 62 - Freeze accepts only proof-bound material read by the trusted Graph Adapter
  ---
  duration_ms: 97.45425
  ...
# Subtest: wrong Skill is rejected and Agent failures leave a minimal FAILED receipt
ok 63 - wrong Skill is rejected and Agent failures leave a minimal FAILED receipt
  ---
  duration_ms: 415.082542
  ...
# Subtest: a Proposal from another semantic operation contract version is invalidated before Commit
ok 64 - a Proposal from another semantic operation contract version is invalidated before Commit
  ---
  duration_ms: 81.289292
  ...
# Subtest: stale Evidence invalidates a Proposal before any Commit or Ledger mutation
ok 65 - stale Evidence invalidates a Proposal before any Commit or Ledger mutation
  ---
  duration_ms: 68.442459
  ...
# Subtest: stale target invalidates before Ledger mutation and user revision or dismissal records Feedback
ok 66 - stale target invalidates before Ledger mutation and user revision or dismissal records Feedback
  ---
  duration_ms: 175.129791
  ...
# Subtest: Agent Graph failure and a post-prepare race become explicit RECOVERY_REQUIRED; later semantic edits block old Undo
ok 67 - Agent Graph failure and a post-prepare race become explicit RECOVERY_REQUIRED; later semantic edits block old Undo
  ---
  duration_ms: 181.114959
  ...
# Subtest: Fake Agent reconciles ACTIONABLE to WAITING atomically, removes it from actionable, and Undo restores all state
ok 68 - Fake Agent reconciles ACTIONABLE to WAITING atomically, removes it from actionable, and Undo restores all state
  ---
  duration_ms: 199.491667
  ...
# Subtest: Fake Agent reconciles WAITING to ACTIONABLE and Undo restores the exact original WaitingCondition
ok 69 - Fake Agent reconciles WAITING to ACTIONABLE and Undo restores the exact original WaitingCondition
  ---
  duration_ms: 159.476542
  ...
# Subtest: ordinary plans, unresolved waiting, and parking language produce durable NO_PROPOSAL with zero mutation
ok 70 - ordinary plans, unresolved waiting, and parking language produce durable NO_PROPOSAL with zero mutation
  ---
  duration_ms: 83.019
  ...
# Subtest: stale Evidence invalidates an Engagement Proposal before any Commit
ok 71 - stale Evidence invalidates an Engagement Proposal before any Commit
  ---
  duration_ms: 186.171625
  ...
# Subtest: stale target and Graph race fail closed; later semantic change blocks old Engagement Undo
ok 72 - stale target and Graph race fail closed; later semantic change blocks old Engagement Undo
  ---
  duration_ms: 213.446208
  ...
# Subtest: Graph apply throw remains KERNEL_APPLIED and restart-visible instead of claiming WAITING success
ok 73 - Graph apply throw remains KERNEL_APPLIED and restart-visible instead of claiming WAITING success
  ---
  duration_ms: 83.533709
  ...
# Subtest: new directly bound Evidence invalidates an older Engagement judgment
ok 74 - new directly bound Evidence invalidates an older Engagement judgment
  ---
  duration_ms: 66.183125
  ...
# Subtest: wrong Engagement Skill is rejected and malformed output leaves FAILED receipt
ok 75 - wrong Engagement Skill is rejected and malformed output leaves FAILED receipt
  ---
  duration_ms: 176.969416
  ...
# Subtest: wrong-operation Agent output is rejected and durably recorded as FAILED
ok 76 - wrong-operation Agent output is rejected and durably recorded as FAILED
  ---
  duration_ms: 61.990834
  ...
# [kernel-service] request failed POST /v1/commits/prepare DomainError: CLOSURE_LIFECYCLE_INVALID: Only an open WorkObject may be completed or cancelled.
#     at assertOpenWorkObject (/Users/wangrundong/.codex/worktrees/merge-native-editor-reading-main/任务管理中心-logseq插件/packages/domain/src/index.ts:159:42)
#     at completeWorkObject (/Users/wangrundong/.codex/worktrees/merge-native-editor-reading-main/任务管理中心-logseq插件/packages/domain/src/index.ts:167:3)
#     at Kernel.\#prepare (/Users/wangrundong/.codex/worktrees/merge-native-editor-reading-main/任务管理中心-logseq插件/packages/kernel/src/index.ts:753:27)
#     at Kernel.prepare (/Users/wangrundong/.codex/worktrees/merge-native-editor-reading-main/任务管理中心-logseq插件/packages/kernel/src/index.ts:615:17)
#     at Server.<anonymous> (/Users/wangrundong/.codex/worktrees/merge-native-editor-reading-main/任务管理中心-logseq插件/apps/kernel-service/src/server.ts:576:36)
#     at process.processTicksAndRejections (node:internal/process/task_queues:95:5) {
#   code: 'CLOSURE_LIFECYCLE_INVALID'
# }
# Subtest: one USER action completes a Task, writes an immutable CompletionRecord, changes TODO to DONE, and Undo restores exact open state
ok 77 - one USER action completes a Task, writes an immutable CompletionRecord, changes TODO to DONE, and Undo restores exact open state
  ---
  duration_ms: 224.387333
  ...
# Subtest: marker labels are not copied into the formal Task title or generated completion summary
ok 78 - marker labels are not copied into the formal Task title or generated completion summary
  ---
  duration_ms: 75.244666
  ...
# [kernel-service] request failed POST /v1/commits/prepare DomainError: WORK_OBJECT_VERSION_MISMATCH: Expected version 2, found 3.
#     at reopenWorkObject (/Users/wangrundong/.codex/worktrees/merge-native-editor-reading-main/任务管理中心-logseq插件/packages/domain/src/index.ts:186:55)
#     at Kernel.\#prepare (/Users/wangrundong/.codex/worktrees/merge-native-editor-reading-main/任务管理中心-logseq插件/packages/kernel/src/index.ts:763:26)
#     at Kernel.prepare (/Users/wangrundong/.codex/worktrees/merge-native-editor-reading-main/任务管理中心-logseq插件/packages/kernel/src/index.ts:615:17)
#     at Server.<anonymous> (/Users/wangrundong/.codex/worktrees/merge-native-editor-reading-main/任务管理中心-logseq插件/apps/kernel-service/src/server.ts:576:36)
#     at process.processTicksAndRejections (node:internal/process/task_queues:95:5) {
#   code: 'WORK_OBJECT_VERSION_MISMATCH'
# }
# Subtest: Cancellation, Reopen, and Amendment are USER-only records with distinct current semantics
ok 79 - Cancellation, Reopen, and Amendment are USER-only records with distinct current semantics
  ---
  duration_ms: 128.545458
  ...
# Subtest: Graph failure and marker race never become Closure success
ok 80 - Graph failure and marker race never become Closure success
  ---
  duration_ms: 253.845875
  ...
# Subtest: an online TODO to DONE observation enters the same USER completion transaction
ok 81 - an online TODO to DONE observation enters the same USER completion transaction
  ---
  duration_ms: 60.720708
  ...
# Subtest: governed parent closure succeeds without children and rejects while a child is OPEN
ok 82 - governed parent closure succeeds without children and rejects while a child is OPEN
  ---
  duration_ms: 242.052209
  ...
# Subtest: completing a WAITING focused Task and Undo restore the exact open state while later writes block old Undo
ok 83 - completing a WAITING focused Task and Undo restore the exact open state while later writes block old Undo
  ---
  duration_ms: 87.212958
  ...
# Subtest: MiniProject governance supports one-question Grill, continuous low-risk apply, no-change, and boundary stop
ok 84 - MiniProject governance supports one-question Grill, continuous low-risk apply, no-change, and boundary stop
  ---
  duration_ms: 2118.531125
  ...
# Subtest: External CLI executor reuses Skills, records reads separately, and commits focus plus bidirectional Engagement
ok 85 - External CLI executor reuses Skills, records reads separately, and commits focus plus bidirectional Engagement
  ---
  duration_ms: 121.600667
  ...
# Subtest: External NO_PROPOSAL is durable with zero Proposal or Commit
ok 86 - External NO_PROPOSAL is durable with zero Proposal or Commit
  ---
  duration_ms: 39.694958
  ...
# Subtest: External NEEDS_MORE_CONTEXT is durable and run idempotence is bound to the exact Evidence set
ok 87 - External NEEDS_MORE_CONTEXT is durable and run idempotence is bound to the exact Evidence set
  ---
  duration_ms: 49.753083
  ...
# Subtest: External contract rejects missing Evidence, PARKED result, stale target, and search-only proposal
ok 88 - External contract rejects missing Evidence, PARKED result, stale target, and search-only proposal
  ---
  duration_ms: 60.24675
  ...
# [kernel-service] request failed POST /v1/external/proposals/f36dbadf-47e6-46d3-8769-18dd1791bacd/apply GraphBrokerError: GRAPH_ADAPTER_OFFLINE: The trusted Logseq Graph Adapter is not connected.
#     at GraphRequestBroker.request (/Users/wangrundong/.codex/worktrees/merge-native-editor-reading-main/任务管理中心-logseq插件/apps/kernel-service/src/graph-broker.ts:72:53)
#     at ExternalAgentCoordinator.applyProposal (/Users/wangrundong/.codex/worktrees/merge-native-editor-reading-main/任务管理中心-logseq插件/apps/kernel-service/src/external-agent-coordinator.ts:103:50)
#     at Server.<anonymous> (/Users/wangrundong/.codex/worktrees/merge-native-editor-reading-main/任务管理中心-logseq插件/apps/kernel-service/src/server.ts:447:92)
#     at Server.emit (node:events:524:28)
#     at parserOnIncoming (node:_http_server:1139:12)
#     at HTTPParser.parserOnHeadersComplete (node:_http_common:118:17) {
#   code: 'GRAPH_ADAPTER_OFFLINE'
# }
# Subtest: Graph Adapter offline fails fast without creating a formal Commit
ok 89 - Graph Adapter offline fails fast without creating a formal Commit
  ---
  duration_ms: 3151.807083
  ...
# Subtest: External apply invalidates stale Evidence and safely retries a transient Graph failure
ok 90 - External apply invalidates stale Evidence and safely retries a transient Graph failure
  ---
  duration_ms: 105.323208
  ...
# Subtest: a pending External proposal resumes after Kernel restart and Plugin worker reload
ok 91 - a pending External proposal resumes after Kernel restart and Plugin worker reload
  ---
  duration_ms: 67.724041
  ...
# Subtest: formal external focus application commits audit before failed projection and resumes after service restart
ok 92 - formal external focus application commits audit before failed projection and resumes after service restart
  ---
  duration_ms: 62.625708
  ...
# Subtest: unexpected receipt IO is diagnostic; only genuinely inactive External runs report GRAPH_READ_RUN_NOT_ACTIVE
ok 93 - unexpected receipt IO is diagnostic; only genuinely inactive External runs report GRAPH_READ_RUN_NOT_ACTIVE
  ---
  duration_ms: 49.070459
  ...
# Subtest: A1+A2: formal commit succeeds without Graph, creates durable projection obligation, then converges
ok 94 - A1+A2: formal commit succeeds without Graph, creates durable projection obligation, then converges
  ---
  duration_ms: 197.388084
  ...
# Subtest: A2: projection worker drains a durable obligation automatically once the Graph Adapter returns
ok 95 - A2: projection worker drains a durable obligation automatically once the Graph Adapter returns
  ---
  duration_ms: 1083.736666
  ...
# Subtest: projection retry is bounded and degrades instead of hot-looping on a persistent Graph failure
ok 96 - projection retry is bounded and degrades instead of hot-looping on a persistent Graph failure
  ---
  duration_ms: 2037.185875
  ...
# Subtest: A3: user-edited projection is never silently overwritten while an obligation is pending
ok 97 - A3: user-edited projection is never silently overwritten while an obligation is pending
  ---
  duration_ms: 41.923708
  ...
# Subtest: A5: pending/failed projection obligations survive Kernel restart and can converge afterwards
ok 98 - A5: pending/failed projection obligations survive Kernel restart and can converge afterwards
  ---
  duration_ms: 42.440042
  ...
# Subtest: formal commit with a supplied stale snapshot fails closed before any formal write
ok 99 - formal commit with a supplied stale snapshot fails closed before any formal write
  ---
  duration_ms: 28.688708
  ...
# Subtest: GP9-1/GP9-2: one source burst queues one persistent reconcile; built-in loop commits and clears coverage
ok 100 - GP9-1/GP9-2: one source burst queues one persistent reconcile; built-in loop commits and clears coverage
  ---
  duration_ms: 1144.045708
  ...
# Subtest: GP9-3: paused maintenance records changes without running; explicit one-shot reconcile still works and pause remains
ok 101 - GP9-3: paused maintenance records changes without running; explicit one-shot reconcile still works and pause remains
  ---
  duration_ms: 1055.277208
  ...
# Subtest: GP9-4: stale active job is superseded by the latest source snapshot instead of old-result-wins
ok 102 - GP9-4: stale active job is superseded by the latest source snapshot instead of old-result-wins
  ---
  duration_ms: 1058.333292
  ...
# Subtest: reconcile queue and coverage survive Kernel restart and continue from the persisted job
ok 103 - reconcile queue and coverage survive Kernel restart and continue from the persisted job
  ---
  duration_ms: 1065.574542
  ...
# Subtest: first manual check without coverage can accept a formal change and covers the observed source at the resulting version
ok 104 - first manual check without coverage can accept a formal change and covers the observed source at the resulting version
  ---
  duration_ms: 1055.316
  ...
# Subtest: v1 protocol samples survive formal creation, updates, closure, amendments and compensation Undo
ok 105 - v1 protocol samples survive formal creation, updates, closure, amendments and compensation Undo
  ---
  duration_ms: 52.969167
  ...
1..105
# tests 105
# suites 0
# pass 105
# fail 0
# cancelled 0
# skipped 0
# todo 0
# duration_ms 9213.584208

> task-copilot-vnext@0.2.0 test:sandbox
> node --test scripts/logseq-sandbox.test.mjs

TAP version 13
# Subtest: production Logseq and normal Kernel commands are never owned by the sandbox
ok 1 - production Logseq and normal Kernel commands are never owned by the sandbox
  ---
  duration_ms: 0.529208
  ...
# Subtest: a copied application without its isolated profile is refused
ok 2 - a copied application without its isolated profile is refused
  ---
  duration_ms: 0.077917
  ...
# Subtest: only the copied application with the isolated profile is owned
ok 3 - only the copied application with the isolated profile is owned
  ---
  duration_ms: 0.057875
  ...
# Subtest: Kernel ownership requires both the unique sandbox runner and its loader
ok 4 - Kernel ownership requires both the unique sandbox runner and its loader
  ---
  duration_ms: 0.075583
  ...
# Subtest: similar profile and runner names cannot pass process ownership checks
ok 5 - similar profile and runner names cannot pass process ownership checks
  ---
  duration_ms: 0.195292
  ...
1..5
# tests 5
# suites 0
# pass 5
# fail 0
# cancelled 0
# skipped 0
# todo 0
# duration_ms 40.680125

> task-copilot-vnext@0.2.0 build
> node scripts/build-all.mjs && node scripts/check-built-binaries.mjs


> task-copilot-vnext@0.2.0 check:boundaries
> node --test scripts/check-boundaries.test.mjs && node scripts/check-boundaries.mjs

TAP version 13
# Subtest: work-view rejects task UI imports, re-exports and dynamic imports in .ts
ok 1 - work-view rejects task UI imports, re-exports and dynamic imports in .ts
  ---
  duration_ms: 11.468042
  ...
# Subtest: work-view rejects task UI imports, re-exports and dynamic imports in .mjs
ok 2 - work-view rejects task UI imports, re-exports and dynamic imports in .mjs
  ---
  duration_ms: 1.5255
  ...
# Subtest: shared contracts reject infrastructure imports while allowing domain types
ok 3 - shared contracts reject infrastructure imports while allowing domain types
  ---
  duration_ms: 6.522958
  ...
# Subtest: runtime cannot import feature UI and task UI cannot own worker lifecycle
ok 4 - runtime cannot import feature UI and task UI cannot own worker lifecycle
  ---
  duration_ms: 0.346875
  ...
# Subtest: formal and query capabilities depend on structural ports rather than SQLite implementation
ok 5 - formal and query capabilities depend on structural ports rather than SQLite implementation
  ---
  duration_ms: 3.000917
  ...
# Subtest: host file capability rejects feature imports in .ts
ok 6 - host file capability rejects feature imports in .ts
  ---
  duration_ms: 0.4525
  ...
# Subtest: host file capability rejects feature imports in .mjs
ok 7 - host file capability rejects feature imports in .mjs
  ---
  duration_ms: 0.396666
  ...
# Subtest: discovery-coordinator rejects SQLite types, subpaths, relative imports, re-exports, require and literal dynamic imports
ok 8 - discovery-coordinator rejects SQLite types, subpaths, relative imports, re-exports, require and literal dynamic imports
  ---
  duration_ms: 2.74325
  ...
# Subtest: external-agent-coordinator rejects SQLite types, subpaths, relative imports, re-exports, require and literal dynamic imports
ok 9 - external-agent-coordinator rejects SQLite types, subpaths, relative imports, re-exports, require and literal dynamic imports
  ---
  duration_ms: 2.411
  ...
# Subtest: dogfood-scope rejects SQLite types, subpaths, relative imports, re-exports, require and literal dynamic imports
ok 10 - dogfood-scope rejects SQLite types, subpaths, relative imports, re-exports, require and literal dynamic imports
  ---
  duration_ms: 1.209958
  ...
# Subtest: future-query rejects SQLite types, subpaths, relative imports, re-exports, require and literal dynamic imports
ok 11 - future-query rejects SQLite types, subpaths, relative imports, re-exports, require and literal dynamic imports
  ---
  duration_ms: 1.219625
  ...
# Subtest: paths aliases and extensionless target UI paths cannot bypass actual boundaries
ok 12 - paths aliases and extensionless target UI paths cannot bypass actual boundaries
  ---
  duration_ms: 2.606959
  ...
1..12
# tests 12
# suites 0
# pass 12
# fail 0
# cancelled 0
# skipped 0
# todo 0
# duration_ms 316.891625
Dependency boundaries verified.

> task-copilot-vnext@0.2.0 taste:eval
> node scripts/evaluate-taste-candidate.mjs --candidate 0.1.1

{"profile":"miniproject-governance","active":{"version":"0.1.0","contentHash":"9023451cc8093f1e04e4781e2055fe7d054b5feb61f7d7beb5af4be6736918dd"},"candidate":{"version":"0.1.1","contentHash":"820876ae23c93773f43d3c14cbac8abf78da1c4ff65871bee843ac505cc6d02d"},"pairwiseCases":6,"regressionCases":4,"result":"PASS","activationDecision":"KEEP_0.1.0_ACTIVE","autoActivated":false}
